dataset,n,model,split,split_warning,R2,median_fold_R2,worst_fold_R2,RMSE_log,MAE_log,MAPE_pct,n_groups,seconds
ATF_surface,65,Linear,I_random,,0.6226079210141936,0.6638487153711738,0.2892698474989075,0.24441337251279038,0.17563805911316258,18.213275597714983,,0.0
ATF_surface,65,Linear,II_condition_wise,,-5.927330362125491,-30.739020441550313,-60.04573657482653,1.0471563317662642,0.8321864829396322,198.59526252240536,2.0,0.0
ATF_surface,65,Linear,III_surface_wise,DEGENERATE: 65 groups for 65 rows -> equivalent to random split,0.6852490364522623,0.7990602531978915,0.3123719932850517,0.22320920851213916,0.1632927746054168,17.15558225907157,65.0,0.0
ATF_surface,65,Linear,IV_leave_one_publication_out,"DEGENERATE: groups are 100% study-pure -> this is a study split, not a genuine IV_leave_one_publication_out",-48.33606781606336,-14.031269020325578,-1177.050016569473,2.794543276601045,1.6490341972338411,16565.657897501635,10.0,0.0
ATF_surface,65,Poly2_Ridge,I_random,,0.7760672730684245,0.7565790084178627,0.7108572670207227,0.18827270298424098,0.15024927183474102,15.276963814640435,,0.0
ATF_surface,65,Poly2_Ridge,II_condition_wise,,-58.30684417480138,-242.13319603442258,-449.5972237487761,3.063945110979801,1.8922126866184819,2508870.5191347096,2.0,0.0
ATF_surface,65,Poly2_Ridge,III_surface_wise,DEGENERATE: 65 groups for 65 rows -> equivalent to random split,0.7037082382919472,0.8273013244502785,0.4101690805804231,0.21656504572529237,0.16572323152432272,17.116806079224673,65.0,0.0
ATF_surface,65,Poly2_Ridge,IV_leave_one_publication_out,"DEGENERATE: groups are 100% study-pure -> this is a study split, not a genuine IV_leave_one_publication_out",-196.8151397512179,-7.985403726905147,-4219.567498479371,5.595750432374679,2.852527089042586,2508857.4115042533,10.0,0.0
ATF_surface,65,KNN_k5,I_random,,0.6883347230938275,0.7269968162170297,0.5219454401963961,0.22211238889651777,0.1739125365690138,17.43789796230084,,0.0
ATF_surface,65,KNN_k5,II_condition_wise,,-1.2783198863732608,-4.221670629899625,-5.934802218779229,0.6005316814019857,0.5287301773729133,49.62164816187909,2.0,0.0
ATF_surface,65,KNN_k5,III_surface_wise,DEGENERATE: 65 groups for 65 rows -> equivalent to random split,0.7159502796918695,0.7665961201194371,0.4743705335460807,0.21204388680696523,0.17335861952740494,17.396068605372953,65.0,0.0
ATF_surface,65,KNN_k5,IV_leave_one_publication_out,"DEGENERATE: groups are 100% study-pure -> this is a study split, not a genuine IV_leave_one_publication_out",-0.16391180049490406,-5.934802218779229,-19.076853211494292,0.429228557722132,0.36513255665811667,42.19056220378131,10.0,0.0
ATF_surface,65,SVR_RBF,I_random,,0.6846770970575181,0.6795482857894763,0.46373550870494107,0.22341191511634292,0.17846737277444066,18.579520670416944,,0.0
ATF_surface,65,SVR_RBF,II_condition_wise,,-1.2070988554433653,-5.085314798730294,-8.304912737758125,0.5910707471839534,0.5157044243804276,52.44990566752213,2.0,0.0
ATF_surface,65,SVR_RBF,III_surface_wise,DEGENERATE: 65 groups for 65 rows -> equivalent to random split,0.7303911502321656,0.7118327145335896,0.6218104488890518,0.20658350667584424,0.1766808227460499,18.1374735986525,65.0,0.0
ATF_surface,65,SVR_RBF,IV_leave_one_publication_out,"DEGENERATE: groups are 100% study-pure -> this is a study split, not a genuine IV_leave_one_publication_out",-0.27242433412323575,-8.164782133405433,-28.313314966808843,0.4487914312537903,0.3742337056153939,46.351361796899646,10.0,0.0
ATF_surface,65,ANN_MLP,I_random,,-0.31824646312429294,-0.015832315046101497,-2.3626507076467,0.4568008262025389,0.30827456271969467,43.07594841444787,,0.3
ATF_surface,65,ANN_MLP,II_condition_wise,,-264.3427805589599,-966.5962353990711,-1712.20059190812,6.480853603710725,4.454853143645576,23674767391.94436,2.0,0.1
ATF_surface,65,ANN_MLP,III_surface_wise,DEGENERATE: 65 groups for 65 rows -> equivalent to random split,0.0730915903611914,0.3597858723916211,-1.0976700490617706,0.3830425188022257,0.2841528679635438,33.198390606895316,65.0,0.3
ATF_surface,65,ANN_MLP,IV_leave_one_publication_out,"DEGENERATE: groups are 100% study-pure -> this is a study split, not a genuine IV_leave_one_publication_out",-3065.013240950782,-39.11215219324706,-79171.87652451867,22.030055252220794,10.17894770890528,2.186964759662261e+26,10.0,0.6
ATF_surface,65,RandomForest,I_random,,0.6483683586092065,0.689482021199324,0.35256390054843767,0.23592423055038372,0.1719731589793439,17.962518868525127,,0.5
ATF_surface,65,RandomForest,II_condition_wise,,-1.4848547686934679,-4.28503711558543,-5.530615237923421,0.6271610502704343,0.5447483055976643,49.531181906746475,2.0,0.2
ATF_surface,65,RandomForest,III_surface_wise,DEGENERATE: 65 groups for 65 rows -> equivalent to random split,0.6402421553226407,0.7543685920657661,0.2322258903424913,0.23863476306220927,0.17451922913763526,18.127916839814407,65.0,0.5
ATF_surface,65,RandomForest,IV_leave_one_publication_out,"DEGENERATE: groups are 100% study-pure -> this is a study split, not a genuine IV_leave_one_publication_out",-0.11899170349417676,-4.316919886924065,-22.74978739907537,0.4208642210533608,0.34553695184651,40.408222856312236,10.0,1.0
ATF_surface,65,ExtraTrees,I_random,,0.6848441469608335,0.7221881453731043,0.4555344762337533,0.22335272835461756,0.1738565403786509,17.89486381795897,,0.3
ATF_surface,65,ExtraTrees,II_condition_wise,,-1.3544435254853937,-4.011813091990592,-5.198321265678036,0.6104817875753076,0.5262495123361179,47.90184325764786,2.0,0.1
ATF_surface,65,ExtraTrees,III_surface_wise,DEGENERATE: 65 groups for 65 rows -> equivalent to random split,0.6853914739624701,0.7330364233463623,0.3945505976579996,0.22315869721057455,0.17293504655100925,17.972339119941662,65.0,0.4
ATF_surface,65,ExtraTrees,IV_leave_one_publication_out,"DEGENERATE: groups are 100% study-pure -> this is a study split, not a genuine IV_leave_one_publication_out",-0.04341855929903926,-5.198321265678033,-20.481513732763688,0.4064038859871947,0.3393403616612865,39.76136454146933,10.0,0.7
ATF_surface,65,XGBoost,I_random,,0.6485458327875797,0.6736385610737281,0.46742529644209263,0.23586468564805665,0.1718348423351138,17.724578044212265,,1.1
ATF_surface,65,XGBoost,II_condition_wise,,-1.4063811988332766,-4.638322625828017,-6.634833674478377,0.6171784966306568,0.5507322908369279,52.14012899186299,2.0,0.4
ATF_surface,65,XGBoost,III_surface_wise,DEGENERATE: 65 groups for 65 rows -> equivalent to random split,0.6321952512506395,0.7193183198071234,0.27709424849367537,0.2412888421457692,0.17784317514314044,18.830855191875198,65.0,1.1
ATF_surface,65,XGBoost,IV_leave_one_publication_out,"DEGENERATE: groups are 100% study-pure -> this is a study split, not a genuine IV_leave_one_publication_out",-0.26912717075628034,-5.836798194144613,-25.058225608387374,0.4482095897791272,0.38317318876052525,45.1971252734105,10.0,2.2
ATF_surface,65,LightGBM,I_random,,0.5253305487717785,0.554327947764679,0.1588790157345643,0.27410958018875425,0.20304135820285188,21.540617314036957,,0.2
ATF_surface,65,LightGBM,II_condition_wise,,-1.3828011124805375,-5.145784777371646,-7.977598837223475,0.6141471918959861,0.5415628601621159,53.50152526482421,2.0,0.0
ATF_surface,65,LightGBM,III_surface_wise,DEGENERATE: 65 groups for 65 rows -> equivalent to random split,0.5755761798842101,0.5849690211403731,0.452214733556645,0.25919609147596034,0.19810722800230834,20.642709442446243,65.0,0.2
ATF_surface,65,LightGBM,IV_leave_one_publication_out,"DEGENERATE: groups are 100% study-pure -> this is a study split, not a genuine IV_leave_one_publication_out",-0.37319159180372785,-5.462539144781143,-7.977598837223475,0.4662234793380922,0.39469418146438917,47.03664461649465,10.0,0.4
ATF_surface,65,CatBoost,I_random,,0.7063296133881529,0.6752377968830301,0.546385583415655,0.21560491196140597,0.16069866248018572,16.59531167043853,,0.3
ATF_surface,65,CatBoost,II_condition_wise,,-1.4393342702570084,-4.551603868579022,-6.326414052979283,0.6213899600324211,0.5484406282544687,51.377475020085996,2.0,0.0
ATF_surface,65,CatBoost,III_surface_wise,DEGENERATE: 65 groups for 65 rows -> equivalent to random split,0.7231378820513836,0.7001300181147545,0.5601567166614023,0.20934391499793017,0.16094119368774903,16.759859665642104,65.0,0.2
ATF_surface,65,CatBoost,IV_leave_one_publication_out,"DEGENERATE: groups are 100% study-pure -> this is a study split, not a genuine IV_leave_one_publication_out",-0.11448070510154484,-5.125663172495347,-13.599915096059668,0.42001504806040796,0.3528043200256017,41.53010718930098,10.0,0.3
ATF_surface,65,GPR_Matern,I_random,,0.7354901603530977,0.7350993187300985,0.5751137423384172,0.20462066391819647,0.16202761089817508,16.7690434160577,,0.1
ATF_surface,65,GPR_Matern,II_condition_wise,,-1.3828010583387549,-5.145784563502581,-7.977598446248086,0.6141471849186887,0.5415628523087992,53.50152417001897,2.0,0.0
ATF_surface,65,GPR_Matern,III_surface_wise,DEGENERATE: 65 groups for 65 rows -> equivalent to random split,0.6226509426635412,0.674146391452164,0.28951111388109196,0.2443994408927554,0.19257314395088132,19.642135063067716,65.0,0.1
ATF_surface,65,GPR_Matern,IV_leave_one_publication_out,"DEGENERATE: groups are 100% study-pure -> this is a study split, not a genuine IV_leave_one_publication_out",-0.2390379335461168,-5.9827091900925256,-17.11143326077533,0.4428645061303346,0.37353641230149465,44.99494701767837,10.0,0.3
ATF_surface,65,Stacking_RF_XGB_SVR,I_random,,0.7049933037301322,0.709501758652348,0.4715846227970927,0.2160948965245851,0.16037567090255492,17.311451245028696,,4.4
ATF_surface,65,Stacking_RF_XGB_SVR,II_condition_wise,,-1.4040653622429997,-5.265822265076062,-8.221946916604322,0.6168814471466123,0.5447031282798547,54.094942570635766,2.0,1.7
ATF_surface,65,Stacking_RF_XGB_SVR,III_surface_wise,DEGENERATE: 65 groups for 65 rows -> equivalent to random split,0.7185020107820093,0.733648257431631,0.4848868437097459,0.21108930102425813,0.16722868466117213,17.5825644294484,65.0,4.4
ATF_surface,65,Stacking_RF_XGB_SVR,IV_leave_one_publication_out,"DEGENERATE: groups are 100% study-pure -> this is a study split, not a genuine IV_leave_one_publication_out",-0.3947331897507935,-8.221946916604326,-23.15107965576914,0.46986613095750707,0.39965849263041936,47.997813839149686,10.0,8.6
pin_fin,175,Linear,I_random,,0.936457794371929,0.937012959834809,0.8969765675470939,0.15595139211697395,0.11050470205214417,10.992487173979827,,0.0
pin_fin,175,Linear,II_condition_wise,,-19.3529507014474,0.9078058290455027,-27.82632983942165,2.791076906550508,1.2330882687156348,1765.6452058109035,6.0,0.0
pin_fin,175,Linear,III_surface_wise,,0.9424208269135409,0.9401090591115371,0.9097528206139288,0.14845363115126828,0.11448628131386669,11.72453097206724,67.0,0.0
pin_fin,175,Linear,IV_leave_one_publication_out,"DEGENERATE: groups are 100% study-pure -> this is a study split, not a genuine IV_leave_one_publication_out",0.6582400951484233,0.872527508524559,-5.861263784951373,0.3616751482187565,0.17338512073139636,15.849937799568147,16.0,0.0
pin_fin,175,Poly2_Ridge,I_random,,0.9514568292407797,0.9574557653083856,0.9104895341899681,0.13630826289922843,0.09222177469439953,9.19512624505449,,0.0
pin_fin,175,Poly2_Ridge,II_condition_wise,,-7758.801799002731,0.9246716964536453,-10996.462400174914,54.49835924484989,14.890972114963622,2.971853770064973e+26,6.0,0.0
pin_fin,175,Poly2_Ridge,III_surface_wise,,0.9348794451504581,0.9546934974789669,0.8537660842305008,0.15787637979122085,0.10223619331802634,9.884270130946128,67.0,0.0
pin_fin,175,Poly2_Ridge,IV_leave_one_publication_out,"DEGENERATE: groups are 100% study-pure -> this is a study split, not a genuine IV_leave_one_publication_out",0.7337246292294228,0.8693200375939987,-4.346141326344977,0.3192446383479533,0.14810911949651057,12.737295229765625,16.0,0.0
pin_fin,175,KNN_k5,I_random,,0.8998023231424876,0.9281603745085379,0.7856059341983572,0.19583347897046235,0.1271358930233269,12.583379615597531,,0.0
pin_fin,175,KNN_k5,II_condition_wise,,-0.0399306142589122,0.8394246286608643,-0.4204739853541546,0.6308996620988891,0.3781223712764296,27.251749694254652,6.0,0.0
pin_fin,175,KNN_k5,III_surface_wise,,0.89080508383956,0.8891198348122441,0.8019446304202767,0.2044369168482897,0.13729678817318858,13.12953702104545,67.0,0.0
pin_fin,175,KNN_k5,IV_leave_one_publication_out,"DEGENERATE: groups are 100% study-pure -> this is a study split, not a genuine IV_leave_one_publication_out",0.9124678227632201,0.8084035628732659,-3.55951686913732,0.18303830212521402,0.13351631019687252,13.99270885872921,16.0,0.0
pin_fin,175,SVR_RBF,I_random,,0.955069295822145,0.9630919876500803,0.9105747714104281,0.13113835320638134,0.08265190635991981,8.283449413177852,,0.0
pin_fin,175,SVR_RBF,II_condition_wise,,-0.24172719410152022,0.9428177662082492,-0.748740852755335,0.6893998891616807,0.3606375654028111,21.890610667691085,6.0,0.0
pin_fin,175,SVR_RBF,III_surface_wise,,0.9437231758050604,0.9306012960711874,0.9076784525033824,0.1467651368182431,0.10239094058791198,10.518441988426778,67.0,0.0
pin_fin,175,SVR_RBF,IV_leave_one_publication_out,"DEGENERATE: groups are 100% study-pure -> this is a study split, not a genuine IV_leave_one_publication_out",0.9036584193592406,0.840585792370051,-3.3016185292592537,0.19202819368349755,0.1273311075450599,13.895976524828452,16.0,0.0
pin_fin,175,ANN_MLP,I_random,,0.7328135389012823,0.7852095476834249,0.5518621316243598,0.31979033719212524,0.2225317968532454,22.52971192358298,,0.5
pin_fin,175,ANN_MLP,II_condition_wise,,-4337.7982390920415,0.13510606753862653,-6147.867310234468,40.75142883596826,15.915692704847466,3.693961267791283e+89,6.0,0.5
pin_fin,175,ANN_MLP,III_surface_wise,,-0.21472057883822449,-0.5233150279553225,-1.6838207779915937,0.6818617167328997,0.3829222997193845,85.81866799820013,67.0,0.5
pin_fin,175,ANN_MLP,IV_leave_one_publication_out,"DEGENERATE: groups are 100% study-pure -> this is a study split, not a genuine IV_leave_one_publication_out",0.37335675012422676,0.45861041219528464,-41.60162385529629,0.4897430662468091,0.32012768953144993,30.596361817780377,16.0,1.8
pin_fin,175,RandomForest,I_random,,0.9527651245664779,0.9539918310537951,0.8985958817032645,0.13445888336150646,0.09015327209487661,8.879455005639283,,0.5
pin_fin,175,RandomForest,II_condition_wise,,-0.4744479027743802,0.32955408129794306,-0.9900121180409371,0.7512298376719855,0.46811425767296166,29.842176362594014,6.0,0.5
pin_fin,175,RandomForest,III_surface_wise,,0.9544849866206304,0.9523213318348626,0.9143701420104491,0.13198830462317587,0.09838472395905715,9.834269428327064,67.0,0.5
pin_fin,175,RandomForest,IV_leave_one_publication_out,"DEGENERATE: groups are 100% study-pure -> this is a study split, not a genuine IV_leave_one_publication_out",0.9472568767051431,0.8833578150616542,-1.4085813802809257,0.1420826455558161,0.10317690671288675,10.364189488091824,16.0,1.6
pin_fin,175,ExtraTrees,I_random,,0.9651681632111259,0.9619782450979143,0.9488325059318342,0.11546392098887866,0.08178886944165412,8.249028979014968,,0.4
pin_fin,175,ExtraTrees,II_condition_wise,,-0.36925669487581625,0.911006379222482,-0.9196489484455659,0.7239366263689213,0.39231367973404707,23.242422411851706,6.0,0.4
pin_fin,175,ExtraTrees,III_surface_wise,,0.9636585482574406,0.9569024146292741,0.9539062176809232,0.11793949100998084,0.08674736745131652,8.800486224343512,67.0,0.4
pin_fin,175,ExtraTrees,IV_leave_one_publication_out,"DEGENERATE: groups are 100% study-pure -> this is a study split, not a genuine IV_leave_one_publication_out",0.9465653678266491,0.9104185739362434,-1.0728629608762423,0.1430110269074619,0.10151454743503943,10.283452935062295,16.0,1.2
pin_fin,175,XGBoost,I_random,,0.9704289717881867,0.9727207906060689,0.9522468171010242,0.10638767694978668,0.07130609539181447,7.0958631492771,,1.2
pin_fin,175,XGBoost,II_condition_wise,,-0.6780536343247772,0.3944160048125336,-1.2901473249019344,0.8014215788220161,0.4878146037963092,29.530083508251774,6.0,1.1
pin_fin,175,XGBoost,III_surface_wise,,0.9679538267303145,0.965905426530691,0.9465710427373961,0.1107506289707703,0.08205278084516186,8.525521543130811,67.0,1.0
pin_fin,175,XGBoost,IV_leave_one_publication_out,"DEGENERATE: groups are 100% study-pure -> this is a study split, not a genuine IV_leave_one_publication_out",0.9362909431364421,0.8777573734130081,-4.340270551483763,0.1561560090569292,0.11116863485064471,11.766376363956416,16.0,3.4
pin_fin,175,LightGBM,I_random,,0.8699200072873219,0.9267868274429936,0.6133505806512463,0.22313277419425126,0.13548357302555072,12.847778028354115,,0.6
pin_fin,175,LightGBM,II_condition_wise,,-0.4386091462765078,0.4067210638997497,-0.954090298203583,0.7420437672595701,0.4604630040354002,30.056304902967522,6.0,0.6
pin_fin,175,LightGBM,III_surface_wise,,0.88956417252627,0.9240194441053359,0.7255448677948388,0.20559526477643345,0.1347433983126226,13.052754628860914,67.0,0.6
pin_fin,175,LightGBM,IV_leave_one_publication_out,"DEGENERATE: groups are 100% study-pure -> this is a study split, not a genuine IV_leave_one_publication_out",0.7139438003080327,0.7842686906793683,-20.921571266583882,0.3308901166296261,0.20851125354917416,19.362474698771976,16.0,2.1
pin_fin,175,CatBoost,I_random,,0.9748724035014137,0.9769594809371945,0.9584496577200853,0.09806941570995333,0.07003898487579435,6.98949009329549,,0.3
pin_fin,175,CatBoost,II_condition_wise,,-0.3771623446913064,0.36293526706395873,-0.8649484781613337,0.7260235076215396,0.4464783728175534,28.762906066107913,6.0,0.3
pin_fin,175,CatBoost,III_surface_wise,,0.9675440537868901,0.9658622895340051,0.9577733449278112,0.11145646137536733,0.08198798829108651,8.421783908689246,67.0,0.2
pin_fin,175,CatBoost,IV_leave_one_publication_out,"DEGENERATE: groups are 100% study-pure -> this is a study split, not a genuine IV_leave_one_publication_out",0.9198633012899934,0.8601986556473962,-8.429683824139403,0.1751353589273762,0.12250879356025188,12.568853300767326,16.0,0.8
pin_fin,175,GPR_Matern,I_random,,0.9715657845114789,0.9683029903664191,0.9629554964999484,0.10432268069904528,0.07615673096223895,7.63605977866667,,0.2
pin_fin,175,GPR_Matern,II_condition_wise,,-0.3918722056053585,0.9314843226508472,-0.9600437607059225,0.7298906398871198,0.37280381771847615,21.67352192820117,6.0,0.2
pin_fin,175,GPR_Matern,III_surface_wise,,0.9664340792226472,0.9622551271405038,0.9340449048588219,0.11334631247285502,0.0819278562298855,8.30432110510391,67.0,0.2
pin_fin,175,GPR_Matern,IV_leave_one_publication_out,"DEGENERATE: groups are 100% study-pure -> this is a study split, not a genuine IV_leave_one_publication_out",0.939456936420452,0.8978053369146988,-4.265362124066297,0.15222651664620981,0.11003743985808857,11.59622579376491,16.0,0.7
pin_fin,175,Stacking_RF_XGB_SVR,I_random,,0.5277061425970123,0.5352845657843762,0.43765318919270313,0.4251716139369414,0.3342775274710234,36.78289342095208,,5.1
pin_fin,175,Stacking_RF_XGB_SVR,II_condition_wise,,-0.5367074665104727,0.08721065244635717,-1.227828235468233,0.7669264458649785,0.4965039272754172,37.816527657063034,6.0,4.9
pin_fin,175,Stacking_RF_XGB_SVR,III_surface_wise,,0.3883919304390293,0.5968613499178663,-0.4096372372270205,0.48383214244824985,0.37371935178493554,44.32100580751329,67.0,5.0
pin_fin,175,Stacking_RF_XGB_SVR,IV_leave_one_publication_out,"DEGENERATE: groups are 100% study-pure -> this is a study split, not a genuine IV_leave_one_publication_out",0.5359781149205578,-0.40490708994815827,-25.09866586229576,0.42143184075913526,0.34090432719596425,39.83191222248358,16.0,17.1
Zhao_flow,1865,Linear,I_random,,0.7554295366114898,0.7508987946120711,0.7266697378897414,0.23699759778099044,0.184249589960188,19.031571571602683,,0.0
Zhao_flow,1865,Linear,II_condition_wise,,0.585185194778175,0.5909944488822032,-1.6541426251410138,0.3086519783814088,0.22932163771629493,25.0504760424915,6.0,0.0
Zhao_flow,1865,Linear,III_surface_wise,"DEGENERATE: groups are 95% study-pure -> this is a study split, not a genuine III_surface_wise",0.6268593627409937,0.49666282142700524,0.3183765236333661,0.29273740269387816,0.2149651899205013,23.635165210017966,36.0,0.0
Zhao_flow,1865,Linear,IV_leave_one_publication_out,"DEGENERATE: groups are 100% study-pure -> this is a study split, not a genuine IV_leave_one_publication_out",0.2921045766878332,0.05056667622629302,-0.9254231163132571,0.4032055422534189,0.31847360778125605,31.754446073392995,10.0,0.0
Zhao_flow,1865,Poly2_Ridge,I_random,,0.8331795326767829,0.8263096395612266,0.8145882429351614,0.19573415149756243,0.14672917770457894,15.14917721642546,,0.0
Zhao_flow,1865,Poly2_Ridge,II_condition_wise,,-0.3127484377982983,0.6022143174935689,-11.493843019543487,0.5490762966853638,0.315545468405065,41.261516057670114,6.0,0.0
Zhao_flow,1865,Poly2_Ridge,III_surface_wise,"DEGENERATE: groups are 95% study-pure -> this is a study split, not a genuine III_surface_wise",0.39912357366162143,0.6338308426462327,-0.29099239329348436,0.3714792190065853,0.23483193024820329,22.311428623667247,36.0,0.0
Zhao_flow,1865,Poly2_Ridge,IV_leave_one_publication_out,"DEGENERATE: groups are 100% study-pure -> this is a study split, not a genuine IV_leave_one_publication_out",-27.227338921074196,0.12236972713633121,-48.912730710207626,2.546108517178467,0.8660880284832777,33.74530730219363,10.0,0.0
Zhao_flow,1865,KNN_k5,I_random,,0.8975139649099868,0.8961160785420272,0.888049579284214,0.15341728282346212,0.10787786575259033,10.880229878421781,,0.0
Zhao_flow,1865,KNN_k5,II_condition_wise,,0.5772722299630202,0.4986681795605945,-0.2976333862463436,0.31158197808895005,0.2277755292919308,22.56749937844303,6.0,0.0
Zhao_flow,1865,KNN_k5,III_surface_wise,"DEGENERATE: groups are 95% study-pure -> this is a study split, not a genuine III_surface_wise",0.6605728626262033,0.6671339327209748,0.41857159466534777,0.27919987628609694,0.2113353759975898,20.981834756654248,36.0,0.0
Zhao_flow,1865,KNN_k5,IV_leave_one_publication_out,"DEGENERATE: groups are 100% study-pure -> this is a study split, not a genuine IV_leave_one_publication_out",0.5032920021314764,0.44584119180651177,-2.0835363719971216,0.33774779101708435,0.25951520687120855,23.624821920426196,10.0,0.0
Zhao_flow,1865,SVR_RBF,I_random,,0.9315345358585685,0.9323541160025389,0.9154290231452737,0.12539427798301261,0.0814775496273583,8.430721910149979,,0.5
Zhao_flow,1865,SVR_RBF,II_condition_wise,,0.6159385195944796,0.5833022922233242,-0.5494549446160402,0.2969903352506158,0.21369856505869786,21.631350495350855,6.0,0.5
Zhao_flow,1865,SVR_RBF,III_surface_wise,"DEGENERATE: groups are 95% study-pure -> this is a study split, not a genuine III_surface_wise",0.7337102455680431,0.6368749859023168,0.5527064185965984,0.24729718305975928,0.17452417598962633,17.78319275418437,36.0,0.5
Zhao_flow,1865,SVR_RBF,IV_leave_one_publication_out,"DEGENERATE: groups are 100% study-pure -> this is a study split, not a genuine IV_leave_one_publication_out",0.5550595800401814,0.5591661793431499,-1.909124520398818,0.31966336806015433,0.23169403555908624,20.515206655654893,10.0,1.1
Zhao_flow,1865,ANN_MLP,I_random,,0.8671779145779841,0.8572728406244443,0.8320272901513649,0.1746534175551281,0.12318983660695842,12.870730820484516,,2.2
Zhao_flow,1865,ANN_MLP,II_condition_wise,,-1.8667149256755375,-0.7966691741962297,-15.1300213632326,0.8113984889673429,0.42557832168534043,171.1074991615239,6.0,2.4
Zhao_flow,1865,ANN_MLP,III_surface_wise,"DEGENERATE: groups are 95% study-pure -> this is a study split, not a genuine III_surface_wise",0.1904992115809292,0.5233108743170656,-1.4029204883903983,0.43117202830566403,0.25623568365611876,38.7660380156719,36.0,1.7
Zhao_flow,1865,ANN_MLP,IV_leave_one_publication_out,"DEGENERATE: groups are 100% study-pure -> this is a study split, not a genuine IV_leave_one_publication_out",-6.4071284094063445,0.18116922906089883,-41.83498538281181,1.3042681157314353,0.6949512744649707,832.8515626148139,10.0,4.0
Zhao_flow,1865,RandomForest,I_random,,0.9242781049333283,0.9214821065286272,0.9125899847884494,0.13187202585171337,0.08601832636159441,8.733279490474427,,0.8
Zhao_flow,1865,RandomForest,II_condition_wise,,0.6363596114223996,0.45984144886377354,0.004975865516475331,0.2889867942545375,0.21412752015002115,21.796617520319455,6.0,0.8
Zhao_flow,1865,RandomForest,III_surface_wise,"DEGENERATE: groups are 95% study-pure -> this is a study split, not a genuine III_surface_wise",0.7144051187397855,0.7274039399972418,0.40475434168121793,0.25610446516797736,0.18368433404140766,19.004397896022418,36.0,0.8
Zhao_flow,1865,RandomForest,IV_leave_one_publication_out,"DEGENERATE: groups are 100% study-pure -> this is a study split, not a genuine IV_leave_one_publication_out",0.40099567419115933,0.24740337626189973,-0.7123907806562841,0.37090007415773957,0.2709906968226225,23.34155177135379,10.0,1.6
Zhao_flow,1865,ExtraTrees,I_random,,0.9412618070693727,0.9450351950123077,0.9277042139410596,0.1161454581629451,0.07631033014860875,7.693633556449968,,0.5
Zhao_flow,1865,ExtraTrees,II_condition_wise,,0.7483502740040957,0.6857373353946,0.25566225383691266,0.24040315985442684,0.1810924360810681,18.48828359391418,6.0,0.5
Zhao_flow,1865,ExtraTrees,III_surface_wise,"DEGENERATE: groups are 95% study-pure -> this is a study split, not a genuine III_surface_wise",0.7554643271472767,0.7852922732257014,0.4992276999651164,0.23698074053964693,0.17955109175286726,18.38822192881519,36.0,0.5
Zhao_flow,1865,ExtraTrees,IV_leave_one_publication_out,"DEGENERATE: groups are 100% study-pure -> this is a study split, not a genuine IV_leave_one_publication_out",0.5763165346433372,0.369418353286784,-0.92091117069799,0.3119339887051969,0.233679473744729,21.54693146440822,10.0,1.1
Zhao_flow,1865,XGBoost,I_random,,0.9409606806571862,0.9424833014011486,0.9297268557472519,0.11644279242703424,0.07841677128768837,7.95733438050931,,1.1
Zhao_flow,1865,XGBoost,II_condition_wise,,0.6114480609543853,0.5213075702772396,0.32940949383669027,0.29872149981507234,0.22121835201753748,26.006119035346824,6.0,1.2
Zhao_flow,1865,XGBoost,III_surface_wise,"DEGENERATE: groups are 95% study-pure -> this is a study split, not a genuine III_surface_wise",0.7811666491391893,0.7743570849374427,0.6558689100347671,0.2241809452623413,0.16914869510537603,16.968924588807223,36.0,1.2
Zhao_flow,1865,XGBoost,IV_leave_one_publication_out,"DEGENERATE: groups are 100% study-pure -> this is a study split, not a genuine IV_leave_one_publication_out",0.5547624970411955,0.33553311475408654,-0.09709406626361683,0.31977006853170803,0.2391909057310211,21.001540372280054,10.0,2.4
Zhao_flow,1865,LightGBM,I_random,,0.9377228591122414,0.9351611740330676,0.9267243568427683,0.11959314140894128,0.0770244385255628,7.843762588736196,,3.7
Zhao_flow,1865,LightGBM,II_condition_wise,,0.6394409909840277,0.4699113469098486,0.3485134526398894,0.28775979572067195,0.2123633424552518,24.75371915460853,6.0,3.5
Zhao_flow,1865,LightGBM,III_surface_wise,"DEGENERATE: groups are 95% study-pure -> this is a study split, not a genuine III_surface_wise",0.7691360278628567,0.7398119641314426,0.6180408632053309,0.2302608071131897,0.16897244545062942,17.4493251973497,36.0,3.7
Zhao_flow,1865,LightGBM,IV_leave_one_publication_out,"DEGENERATE: groups are 100% study-pure -> this is a study split, not a genuine IV_leave_one_publication_out",0.4397085575427695,0.3658228105638628,-0.537356811003086,0.35871450276694417,0.26353683941223127,22.641958671230743,10.0,7.2
Zhao_flow,1865,CatBoost,I_random,,0.9429996523962395,0.9439603125534229,0.9323856677016227,0.11441440142396798,0.0793620506999291,8.038819071535833,,0.7
Zhao_flow,1865,CatBoost,II_condition_wise,,0.7113792266430036,0.5872564904072197,0.23999091317457744,0.2574576102808092,0.19135325100034623,21.00400862474208,6.0,0.7
Zhao_flow,1865,CatBoost,III_surface_wise,"DEGENERATE: groups are 95% study-pure -> this is a study split, not a genuine III_surface_wise",0.7879144001823295,0.792278752633438,0.5459591819494971,0.22069756000298182,0.16058111861790805,16.640257809573615,36.0,0.7
Zhao_flow,1865,CatBoost,IV_leave_one_publication_out,"DEGENERATE: groups are 100% study-pure -> this is a study split, not a genuine IV_leave_one_publication_out",0.6057009783565804,0.40860641698056166,-1.434706981836725,0.300922589625034,0.22590634429817225,20.15941061400396,10.0,1.4
Zhao_flow,1865,GPR_Matern,I_random,,0.9454513624711861,0.9504593970110974,0.932170177487915,0.11192675030915393,0.07190699204300667,7.274760545904731,,16.5
Zhao_flow,1865,GPR_Matern,II_condition_wise,,0.5857024199067055,0.5961161127256287,-0.7120953066235016,0.3084594920572853,0.2147447879986192,19.693120714695,6.0,16.9
Zhao_flow,1865,GPR_Matern,III_surface_wise,"DEGENERATE: groups are 95% study-pure -> this is a study split, not a genuine III_surface_wise",0.6951398316101061,0.6760833664495653,0.5067910869943952,0.26460148876119505,0.19197558799270836,18.74734898725925,36.0,16.7
Zhao_flow,1865,GPR_Matern,IV_leave_one_publication_out,"DEGENERATE: groups are 100% study-pure -> this is a study split, not a genuine IV_leave_one_publication_out",0.42814875521913875,0.3556613818706074,-2.33270505752716,0.36239606738562447,0.26657168160101113,22.6837457546743,10.0,47.8
Zhao_flow,1865,Stacking_RF_XGB_SVR,I_random,,0.9233546928831169,0.9249271623995665,0.9014162907764528,0.13267366464949404,0.09946038903583208,10.653256547673081,,8.3
Zhao_flow,1865,Stacking_RF_XGB_SVR,II_condition_wise,,0.590408858646105,0.39945013579748356,0.0006748173699724358,0.30670243103054706,0.22880327365783018,27.16421130225183,6.0,8.0
Zhao_flow,1865,Stacking_RF_XGB_SVR,III_surface_wise,"DEGENERATE: groups are 95% study-pure -> this is a study split, not a genuine III_surface_wise",0.7804488173774801,0.7433235768677802,0.5801032957973074,0.22454833087717718,0.16282449153663295,17.09679529392494,36.0,7.9
Zhao_flow,1865,Stacking_RF_XGB_SVR,IV_leave_one_publication_out,"DEGENERATE: groups are 100% study-pure -> this is a study split, not a genuine IV_leave_one_publication_out",0.5377514345918175,0.4565453962883112,-1.8965571315504084,0.32582149104577285,0.23946125146781957,20.87158305852591,10.0,18.0
KAERI_flow,888,Linear,I_random,,0.8944055154510875,0.8911568139657621,0.882739740378926,0.23939864191241617,0.18833857484399485,19.44299515834681,,0.0
KAERI_flow,888,Linear,II_condition_wise,,0.7919687971772111,0.7788773315982662,0.5079616081504204,0.3360201374684863,0.25885289009617934,30.88872683883446,6.0,0.0
KAERI_flow,888,Linear,III_surface_wise,"DEGENERATE: groups are 100% study-pure -> this is a study split, not a genuine III_surface_wise",0.7743972360203134,0.6997059044908105,-0.07239278415966699,0.3499236317636225,0.28730698250393544,28.35506129004979,16.0,0.0
KAERI_flow,888,Linear,IV_leave_one_publication_out,"DEGENERATE: groups are 100% study-pure -> this is a study split, not a genuine IV_leave_one_publication_out",0.6921313326383949,0.08946633452806219,-4.15863205380268,0.40877451411453936,0.3530647404311483,32.06800996040332,11.0,0.0
KAERI_flow,888,Poly2_Ridge,I_random,,0.9761582430769483,0.9763675979150188,0.9702317183617543,0.11375492095721837,0.08387046952572241,8.374519021993333,,0.0
KAERI_flow,888,Poly2_Ridge,II_condition_wise,,0.7808927450790714,0.8260857866369031,0.4932838116735153,0.34484937562697865,0.19834617520558503,18.5223289793089,6.0,0.0
KAERI_flow,888,Poly2_Ridge,III_surface_wise,"DEGENERATE: groups are 100% study-pure -> this is a study split, not a genuine III_surface_wise",-0.11876738975020884,0.596191408271598,-7.084696183263144,0.7792395099166323,0.49599587870784423,89.34942624244077,16.0,0.0
KAERI_flow,888,Poly2_Ridge,IV_leave_one_publication_out,"DEGENERATE: groups are 100% study-pure -> this is a study split, not a genuine IV_leave_one_publication_out",-10.433643894008732,-1.2088877868843766,-346.45506335696297,2.4911128156238065,1.3803169232937782,107.1334638251368,11.0,0.0
KAERI_flow,888,KNN_k5,I_random,,0.9653412139474993,0.9657960229529545,0.9570413870348584,0.1371537665097294,0.09135890193282595,9.001229013397694,,0.0
KAERI_flow,888,KNN_k5,II_condition_wise,,0.7568094394304333,0.6944125082130616,0.6241391789490465,0.36330754902262136,0.2182366241140463,23.58123311040587,6.0,0.0
KAERI_flow,888,KNN_k5,III_surface_wise,"DEGENERATE: groups are 100% study-pure -> this is a study split, not a genuine III_surface_wise",0.4067246178450503,0.5873767646761483,-2.610252349715376,0.5674521279486444,0.38718313460017434,55.382485774007684,16.0,0.0
KAERI_flow,888,KNN_k5,IV_leave_one_publication_out,"DEGENERATE: groups are 100% study-pure -> this is a study split, not a genuine IV_leave_one_publication_out",-0.2754735094614158,-0.35322685032898105,-153.92310048039235,0.8320257870632952,0.6812792110541187,74.7461586227117,11.0,0.0
KAERI_flow,888,SVR_RBF,I_random,,0.9891574381888514,0.9901210072630727,0.9865967880653709,0.07671265581468946,0.05426301539519705,5.4217079681053795,,0.1
KAERI_flow,888,SVR_RBF,II_condition_wise,,0.6207693199729806,0.9552168033204479,0.1672706980398423,0.4536833044215476,0.22770981279350055,26.37024481457152,6.0,0.1
KAERI_flow,888,SVR_RBF,III_surface_wise,"DEGENERATE: groups are 100% study-pure -> this is a study split, not a genuine III_surface_wise",-0.0014125770000215088,-0.079946103517742,-5.478080191036723,0.7372377853579223,0.5008069693861295,84.50927771549017,16.0,0.1
KAERI_flow,888,SVR_RBF,IV_leave_one_publication_out,"DEGENERATE: groups are 100% study-pure -> this is a study split, not a genuine IV_leave_one_publication_out",-0.16583553179553334,0.12399468471771358,-227.50786183750773,0.7954624963421585,0.5801144822784217,89.02905483812498,11.0,0.2
KAERI_flow,888,ANN_MLP,I_random,,0.9562218669028368,0.9543455397745534,0.9423545935847585,0.15414508576816743,0.11008364140883128,10.933642150188472,,1.1
KAERI_flow,888,ANN_MLP,II_condition_wise,,-2.138061395053029,0.06585848539611294,-6.1914818838756664,1.3050639196897937,0.6792273990209096,604.2198749970264,6.0,1.1
KAERI_flow,888,ANN_MLP,III_surface_wise,"DEGENERATE: groups are 100% study-pure -> this is a study split, not a genuine III_surface_wise",-2.4049756513317853,-8.715746263497692,-10.814743471385484,1.3594338209828414,0.9340424921107432,468.1799525978974,16.0,0.8
KAERI_flow,888,ANN_MLP,IV_leave_one_publication_out,"DEGENERATE: groups are 100% study-pure -> this is a study split, not a genuine IV_leave_one_publication_out",-4.529084032469364,-6.820993626475412,-88.7436620548824,1.7323181687546496,1.2054056079232094,862.2296735673391,11.0,2.7
KAERI_flow,888,RandomForest,I_random,,0.9801460010663522,0.9800136866008651,0.9771382731768532,0.10380662281689394,0.07028249644132187,7.061902694546646,,1.1
KAERI_flow,888,RandomForest,II_condition_wise,,0.7315618759656607,0.7767788033469769,0.28170211746503926,0.38170088126268814,0.22482237638387412,27.9883466599767,6.0,0.7
KAERI_flow,888,RandomForest,III_surface_wise,"DEGENERATE: groups are 100% study-pure -> this is a study split, not a genuine III_surface_wise",0.4523517827633524,0.3564902050294728,-0.7373074140754463,0.5451950501570472,0.36703045628797604,53.854681301839946,16.0,0.8
KAERI_flow,888,RandomForest,IV_leave_one_publication_out,"DEGENERATE: groups are 100% study-pure -> this is a study split, not a genuine IV_leave_one_publication_out",0.07853487924569347,-0.658569969890761,-88.88445698271919,0.7071971724194926,0.5860684384557432,66.60237201470792,11.0,2.0
KAERI_flow,888,ExtraTrees,I_random,,0.9851088881364517,0.986449668571252,0.9793201319252084,0.08990102185325288,0.058519331398015746,5.894557381841841,,0.4
KAERI_flow,888,ExtraTrees,II_condition_wise,,0.7697639721533739,0.7895239639663701,0.31724371805626983,0.35349860726297266,0.1880423159479193,25.01461449030576,6.0,0.4
KAERI_flow,888,ExtraTrees,III_surface_wise,"DEGENERATE: groups are 100% study-pure -> this is a study split, not a genuine III_surface_wise",0.38035532892986823,0.28700031220571265,-1.5320921460248695,0.5799257924968214,0.4057907507174602,60.70877281338547,16.0,0.4
KAERI_flow,888,ExtraTrees,IV_leave_one_publication_out,"DEGENERATE: groups are 100% study-pure -> this is a study split, not a genuine IV_leave_one_publication_out",0.05667961973159352,-1.5320921460248722,-87.55874076402932,0.7155346571245217,0.6174506932098126,75.47350176535437,11.0,0.8
KAERI_flow,888,XGBoost,I_random,,0.9847131193874289,0.9830565365952808,0.9812999783819424,0.09108786063693457,0.05995786344971099,6.085049741183379,,2.3
KAERI_flow,888,XGBoost,II_condition_wise,,0.750101364585148,0.8235907824443913,0.2947018942714792,0.36828413224610124,0.22271196412365385,28.135935542279245,6.0,2.4
KAERI_flow,888,XGBoost,III_surface_wise,"DEGENERATE: groups are 100% study-pure -> this is a study split, not a genuine III_surface_wise",0.060155778441452146,0.24534483609152313,-3.4073320648532457,0.7142150589445914,0.47696750584484315,89.26084530565191,16.0,1.4
KAERI_flow,888,XGBoost,IV_leave_one_publication_out,"DEGENERATE: groups are 100% study-pure -> this is a study split, not a genuine IV_leave_one_publication_out",-0.2901883878715563,-0.6282272477014061,-84.06938552942495,0.8368114798779871,0.679585132295354,102.76441481636998,11.0,3.8
KAERI_flow,888,LightGBM,I_random,,0.9592459877908809,0.9704716542449651,0.9375233078975892,0.14872577842932477,0.08029120626274704,8.429104019413346,,3.5
KAERI_flow,888,LightGBM,II_condition_wise,,0.6881793733352592,0.7917724792552101,0.00455584361011907,0.4113897673145604,0.24208083947598502,32.772228604512684,6.0,3.1
KAERI_flow,888,LightGBM,III_surface_wise,"DEGENERATE: groups are 100% study-pure -> this is a study split, not a genuine III_surface_wise",0.5362673402681779,0.3570490431679961,-0.8415404338896126,0.5016893788789056,0.3427330820420918,48.79729686715506,16.0,3.2
KAERI_flow,888,LightGBM,IV_leave_one_publication_out,"DEGENERATE: groups are 100% study-pure -> this is a study split, not a genuine IV_leave_one_publication_out",-0.004769812746528546,-0.8415404338896126,-85.60408603336367,0.7384725462078034,0.6152715973610289,67.875573490112,11.0,8.5
KAERI_flow,888,CatBoost,I_random,,0.9869503077479218,0.9874178163576691,0.9833706547011363,0.08415912278353775,0.058064795868313666,5.840530742450605,,0.9
KAERI_flow,888,CatBoost,II_condition_wise,,0.7798614636624089,0.877818356816781,0.4670241281619236,0.3456599815150499,0.20446748364749157,25.1149795390978,6.0,0.7
KAERI_flow,888,CatBoost,III_surface_wise,"DEGENERATE: groups are 100% study-pure -> this is a study split, not a genuine III_surface_wise",0.6297694783679935,0.5264578192693825,-0.6286129490343431,0.44826741895221844,0.30965222469556064,41.35957361388073,16.0,0.7
KAERI_flow,888,CatBoost,IV_leave_one_publication_out,"DEGENERATE: groups are 100% study-pure -> this is a study split, not a genuine IV_leave_one_publication_out",0.41934404008575754,-0.23354725640466656,-81.14020978754682,0.5613846184659228,0.4691879804044067,52.95959785427018,11.0,1.6
KAERI_flow,888,GPR_Matern,I_random,,0.9897579060172547,0.9905945204263752,0.9875242294005977,0.07455820493930908,0.05070484065004666,5.077250899172292,,10.3
KAERI_flow,888,GPR_Matern,II_condition_wise,,0.864357747840218,0.9583499598375569,0.6694010498102962,0.27133046625023516,0.14789587944304325,15.007114056224054,6.0,8.3
KAERI_flow,888,GPR_Matern,III_surface_wise,"DEGENERATE: groups are 100% study-pure -> this is a study split, not a genuine III_surface_wise",0.25560677714193125,0.34691641929770556,-4.1641888067409045,0.6356269027942483,0.44944517046196936,68.2296666649435,16.0,11.0
KAERI_flow,888,GPR_Matern,IV_leave_one_publication_out,"DEGENERATE: groups are 100% study-pure -> this is a study split, not a genuine IV_leave_one_publication_out",-1.2122090510243018,0.34099654769700494,-131.12772268742523,1.095756732019451,0.7997020290415813,81.31304004037855,11.0,28.0
KAERI_flow,888,Stacking_RF_XGB_SVR,I_random,,0.975903871552755,0.9750940132182163,0.9712626552451104,0.11436014566831239,0.07940681056541476,7.808786573372722,,8.8
KAERI_flow,888,Stacking_RF_XGB_SVR,II_condition_wise,,0.7035054511392298,0.8158451167087212,0.10219208920279643,0.4011524247807941,0.23783972435486975,27.001414524271798,6.0,7.0
KAERI_flow,888,Stacking_RF_XGB_SVR,III_surface_wise,"DEGENERATE: groups are 100% study-pure -> this is a study split, not a genuine III_surface_wise",-0.22747160655907206,0.2595512930770417,-3.7652080947448603,0.8162191738005561,0.5677794054012887,110.307686198937,16.0,8.0
KAERI_flow,888,Stacking_RF_XGB_SVR,IV_leave_one_publication_out,"DEGENERATE: groups are 100% study-pure -> this is a study split, not a genuine IV_leave_one_publication_out",-1.0693267260160608,-3.765208094744856,-150.40882842990666,1.0597797051835118,0.8241043958065887,180.29830272581862,11.0,18.5
NRC_flow,24443,Linear,I_random,,0.8640006750437725,0.8643117559388405,0.859844289602457,0.3007109428062414,0.2220131012244892,23.265353336676046,,0.0
NRC_flow,24443,Linear,II_condition_wise,,0.7992597414545836,0.8308914024899446,0.6871282772007394,0.3653407327565812,0.2585452235580208,29.990608465809498,8.0,0.0
NRC_flow,24443,Linear,III_surface_wise,,0.8453307094401313,0.8519032352742786,0.8287416567930097,0.32068814290711256,0.2310707172145849,24.012884276646677,74.0,0.0
NRC_flow,24443,Linear,IV_leave_one_publication_out,"DEGENERATE: groups are 100% study-pure -> this is a study split, not a genuine IV_leave_one_publication_out",0.8413399897923219,0.8706476954520019,0.7523625524568456,0.32479893374021607,0.23306380817208877,24.38471586039257,60.0,0.0
NRC_flow,24443,Poly2_Ridge,I_random,,0.9446815266622575,0.9448514496661373,0.9437032309261217,0.19178557941660646,0.12426963866676331,13.134528251389968,,0.1
NRC_flow,24443,Poly2_Ridge,II_condition_wise,,0.8951194198144512,0.9312898802269872,0.7726595851087255,0.26407567374003604,0.15717291910444867,18.962349222651515,8.0,0.1
NRC_flow,24443,Poly2_Ridge,III_surface_wise,,0.5268174601131322,0.9034491311737751,-0.44952218386561715,0.5609126201543477,0.17520840490830525,7735.533840451633,74.0,0.1
NRC_flow,24443,Poly2_Ridge,IV_leave_one_publication_out,"DEGENERATE: groups are 100% study-pure -> this is a study split, not a genuine IV_leave_one_publication_out",0.47298216198664844,0.9260930988622502,-1.4593338862332437,0.5919615701281666,0.18281833175678264,13059.788193060922,60.0,0.1
NRC_flow,24443,KNN_k5,I_random,,0.9801289029060684,0.9805140911218151,0.9784589574334969,0.11494544835292649,0.06924356463151683,7.061801760478548,,0.2
NRC_flow,24443,KNN_k5,II_condition_wise,,0.8252129611639408,0.9243358235243768,0.5619541216523113,0.34090664631323114,0.19330684403561296,27.45437612802023,8.0,0.3
NRC_flow,24443,KNN_k5,III_surface_wise,,0.8590331059768748,0.840997868806065,0.8113764119114316,0.30615363578460747,0.19980672877867459,22.343584391853405,74.0,0.3
NRC_flow,24443,KNN_k5,IV_leave_one_publication_out,"DEGENERATE: groups are 100% study-pure -> this is a study split, not a genuine IV_leave_one_publication_out",0.8223031182174254,0.8868778735184039,0.6017562617166705,0.34373262870776283,0.20168913423626783,21.846257620248664,60.0,0.3
NRC_flow,24443,SVR_RBF,I_random,,0.9945040723759803,0.9942611705225696,0.9932835556961371,0.06045070335736588,0.030120799461950513,3.1546047657473313,,26.3
NRC_flow,24443,SVR_RBF,II_condition_wise,,0.9534805713172214,0.9873844212155094,0.8654907309846456,0.17587254254312706,0.0710285886013307,8.951309756839018,8.0,29.2
NRC_flow,24443,SVR_RBF,III_surface_wise,,0.9555733403024362,0.9595746603996065,0.9233975748143676,0.1718710327201072,0.07458344446159078,9.23705570541217,74.0,22.9
NRC_flow,24443,SVR_RBF,IV_leave_one_publication_out,"DEGENERATE: groups are 100% study-pure -> this is a study split, not a genuine IV_leave_one_publication_out",0.9532597426532896,0.972796816945813,0.8715345435594827,0.17628948357110066,0.07382020785225012,8.793789700414214,60.0,23.4
NRC_flow,24443,ANN_MLP,I_random,,0.992580072441892,0.9929110059128382,0.9904118577619666,0.07023938308950337,0.047148251142315314,4.665297901586228,,17.1
NRC_flow,24443,ANN_MLP,II_condition_wise,,0.9721084219363754,0.9841470213925648,0.9385691622427083,0.13618127603600352,0.07801892957261239,8.270721735380988,8.0,16.2
NRC_flow,24443,ANN_MLP,III_surface_wise,,0.9636433740343968,0.9707943761340542,0.9438379292555497,0.15547932339329426,0.08406815886781693,9.535962236241646,74.0,14.1
NRC_flow,24443,ANN_MLP,IV_leave_one_publication_out,"DEGENERATE: groups are 100% study-pure -> this is a study split, not a genuine IV_leave_one_publication_out",0.9049219702553968,0.976738910966653,0.613575230436148,0.25143222734698106,0.09596643124921436,16.89661121973605,60.0,12.4
NRC_flow,24443,RandomForest,I_random,,0.993391898866863,0.9935486913730723,0.9927548437886913,0.06628560070940674,0.044441102974162074,4.487378591399366,,11.0
NRC_flow,24443,RandomForest,II_condition_wise,,0.8830071388343282,0.9492106189209779,0.7260251565617897,0.2789077209940032,0.15814802461213567,20.944606036369063,8.0,11.8
NRC_flow,24443,RandomForest,III_surface_wise,,0.9330296612262539,0.9408052960064827,0.9115945781227648,0.21101926394088366,0.13999680583987414,15.42443100794737,74.0,11.7
NRC_flow,24443,RandomForest,IV_leave_one_publication_out,"DEGENERATE: groups are 100% study-pure -> this is a study split, not a genuine IV_leave_one_publication_out",0.9336000311135415,0.9375173798573048,0.8969620693238359,0.21011874290285318,0.13085133066053906,14.517669008648287,60.0,11.7
NRC_flow,24443,ExtraTrees,I_random,,0.9954018068554081,0.9952688307565517,0.9950697888643683,0.055293548341089405,0.035583635036401884,3.5911744127116814,,4.2
NRC_flow,24443,ExtraTrees,II_condition_wise,,0.8988060579391688,0.9668393904735997,0.7324302087086352,0.2593929170438409,0.1356251754639777,18.23152142933368,8.0,3.9
NRC_flow,24443,ExtraTrees,III_surface_wise,,0.9486567017802766,0.948134467604407,0.926188503873039,0.18476628967553096,0.11567574996592289,12.726097419476714,74.0,4.4
NRC_flow,24443,ExtraTrees,IV_leave_one_publication_out,"DEGENERATE: groups are 100% study-pure -> this is a study split, not a genuine IV_leave_one_publication_out",0.9417875718519215,0.9557825370115268,0.8909874532796376,0.196738208941203,0.11293787716009182,12.859004746804256,60.0,4.0
NRC_flow,24443,XGBoost,I_random,,0.992289634322924,0.9922256359340829,0.9914679624291755,0.07160087732608852,0.05269594772096766,5.29466390935133,,1.6
NRC_flow,24443,XGBoost,II_condition_wise,,0.925417679939118,0.9739583360438077,0.8154418886500148,0.22268901813279257,0.12816400398836186,15.968115210215423,8.0,1.3
NRC_flow,24443,XGBoost,III_surface_wise,,0.9595241329030123,0.9594561409409877,0.9502127182215248,0.16405102057961715,0.10445713040647592,11.267256149466876,74.0,1.3
NRC_flow,24443,XGBoost,IV_leave_one_publication_out,"DEGENERATE: groups are 100% study-pure -> this is a study split, not a genuine IV_leave_one_publication_out",0.9538407897377609,0.9608713873654966,0.9220961507024897,0.175190293756115,0.10639309217550441,11.84624348728504,60.0,1.4
NRC_flow,24443,LightGBM,I_random,,0.9937090804091134,0.9936859512672626,0.9931022214456197,0.06467522123627788,0.04605676872107263,4.6324940220266795,,5.0
NRC_flow,24443,LightGBM,II_condition_wise,,0.9289074388386216,0.9704827270600305,0.8389218297224592,0.21741671823104947,0.12468477128808589,15.470267576283703,8.0,4.9
NRC_flow,24443,LightGBM,III_surface_wise,,0.9595191949866491,0.9595401971596493,0.9373509753164124,0.16406102710414758,0.10244104976291357,11.063004743459336,74.0,5.2
NRC_flow,24443,LightGBM,IV_leave_one_publication_out,"DEGENERATE: groups are 100% study-pure -> this is a study split, not a genuine IV_leave_one_publication_out",0.953547969500842,0.9529902115350253,0.9261166828650508,0.1757450927146129,0.10482653219857793,11.699804933692262,60.0,5.2
NRC_flow,24443,CatBoost,I_random,,0.9931654810258188,0.9931334431208404,0.992247833926149,0.06741163066175859,0.049425559097128195,4.973430408051398,,2.1
NRC_flow,24443,CatBoost,II_condition_wise,,0.9344595570615788,0.972117791925523,0.8411541381336047,0.2087543538180555,0.11890060642363105,14.645334331368751,8.0,2.0
NRC_flow,24443,CatBoost,III_surface_wise,,0.9652525625506627,0.9609451508431545,0.953166717348864,0.15199953061321586,0.08987615127252818,9.923618240303455,74.0,2.1
NRC_flow,24443,CatBoost,IV_leave_one_publication_out,"DEGENERATE: groups are 100% study-pure -> this is a study split, not a genuine IV_leave_one_publication_out",0.9626014341875916,0.9656167786517484,0.9384621012685103,0.15769151653590882,0.09190551660157197,10.232398189530885,60.0,2.0
NRC_flow,24443,Stacking_RF_XGB_SVR,I_random,,0.9941307645580574,0.9943037149290973,0.9927892419721421,0.06247001663792322,0.045814616301604806,4.538820513460625,,79.2
NRC_flow,24443,Stacking_RF_XGB_SVR,II_condition_wise,,0.944323764929749,0.9855385221232618,0.8487591432895203,0.19240474836731772,0.10117590209636595,12.515987034448328,8.0,74.5
NRC_flow,24443,Stacking_RF_XGB_SVR,III_surface_wise,,0.9596985335360034,0.9666352066492504,0.9418801322629805,0.16369721114344543,0.0944434467728452,10.368234724803148,74.0,76.4
NRC_flow,24443,Stacking_RF_XGB_SVR,IV_leave_one_publication_out,"DEGENERATE: groups are 100% study-pure -> this is a study split, not a genuine IV_leave_one_publication_out",0.9557094977435683,0.9672620300533208,0.8919635375623073,0.17160745812582082,0.09588360113715894,10.599799578679931,60.0,197.0
MERGED_flow,27196,Linear,I_random,,0.7604883762260759,0.7579095893026051,0.7563569523292417,0.4064491567866679,0.30714531253178773,34.89646649392572,,0.0
MERGED_flow,27196,Linear,II_condition_wise,,0.7027252617762519,0.749877215855292,0.520579116859095,0.45281617521106937,0.33221829431793465,41.135275008502,8.0,0.1
MERGED_flow,27196,Linear,III_surface_wise,,0.7266175402584801,0.7468387150576035,0.607589341166783,0.43423842695814774,0.322498399427503,36.97359467378911,92.0,0.0
MERGED_flow,27196,Linear,IV_leave_one_publication_out,"DEGENERATE: groups are 100% study-pure -> this is a study split, not a genuine IV_leave_one_publication_out",0.7312605503105267,0.7050679304840999,0.5817705510211844,0.4305351767331741,0.3195016827486846,36.59460599854481,81.0,0.0
MERGED_flow,27196,Poly2_Ridge,I_random,,0.805790407026707,0.8077799616522321,0.8006724372122749,0.36599762599785923,0.27892277504093843,30.992523630673286,,0.1
MERGED_flow,27196,Poly2_Ridge,II_condition_wise,,0.4822709083903588,0.7296556788238517,-0.24467803118792797,0.5975774681225071,0.389693699479588,68.74511505378092,8.0,0.1
MERGED_flow,27196,Poly2_Ridge,III_surface_wise,,0.7730724612162658,0.7953199322246352,0.6420226420693969,0.3956275538392838,0.298493384255262,34.05633569165833,92.0,0.1
MERGED_flow,27196,Poly2_Ridge,IV_leave_one_publication_out,"DEGENERATE: groups are 100% study-pure -> this is a study split, not a genuine IV_leave_one_publication_out",0.7584791927984764,0.729543728713548,0.6699806147435176,0.4081503799499119,0.304688943017878,33.84718421950394,81.0,0.1
MERGED_flow,27196,KNN_k5,I_random,,0.9635204791896523,0.964238657871569,0.9607062827016555,0.15862348667815035,0.10576949064162379,10.965028859799624,,0.1
MERGED_flow,27196,KNN_k5,II_condition_wise,,0.7790101650139727,0.8604747080413518,0.5464031858233571,0.3904173220198325,0.2504621612122973,33.290803469619874,8.0,0.2
MERGED_flow,27196,KNN_k5,III_surface_wise,,0.8059203039421677,0.7890917320956554,0.7049219956614495,0.36587520692932934,0.24874092049882626,29.243872746347527,92.0,0.2
MERGED_flow,27196,KNN_k5,IV_leave_one_publication_out,"DEGENERATE: groups are 100% study-pure -> this is a study split, not a genuine IV_leave_one_publication_out",0.8258892382638723,0.8207332152599467,0.7152411548332738,0.3465418880026957,0.2333028748039466,26.940726911336554,81.0,0.2
MERGED_flow,27196,SVR_RBF,I_random,,0.9595257747014578,0.96095928414146,0.9540232488687451,0.16708297588169033,0.11120642216470415,11.837759725262574,,95.8
MERGED_flow,27196,SVR_RBF,II_condition_wise,,0.8901090363743283,0.918206751362534,0.798030203259936,0.2753112258849348,0.17140896770756142,20.095755910994114,8.0,91.6
MERGED_flow,27196,SVR_RBF,III_surface_wise,,0.8758985059556685,0.8804078760469125,0.8230708791213401,0.2925711065980631,0.18675958814845314,21.293567126658857,92.0,92.1
MERGED_flow,27196,SVR_RBF,IV_leave_one_publication_out,"DEGENERATE: groups are 100% study-pure -> this is a study split, not a genuine IV_leave_one_publication_out",0.8709285156872167,0.8458219295002882,0.8017274426418978,0.2983720111279431,0.18356219064433477,21.639721181448536,81.0,779.5
MERGED_flow,27196,ANN_MLP,I_random,,0.9601313284997435,0.9610635383133076,0.9566662684395535,0.16582836224143255,0.12106972714249915,12.382310395012766,,2489.9
MERGED_flow,27196,ANN_MLP,II_condition_wise,,0.9107695377934858,0.9229516731340042,0.8711662409248977,0.2480844255761604,0.1716148912317432,19.50664846083876,8.0,23.3
MERGED_flow,27196,ANN_MLP,III_surface_wise,,0.8931550123112872,0.8981971749820209,0.8598939552101751,0.2714688518002181,0.18005002382864882,20.560084335385184,92.0,1051.7
MERGED_flow,27196,ANN_MLP,IV_leave_one_publication_out,"DEGENERATE: groups are 100% study-pure -> this is a study split, not a genuine IV_leave_one_publication_out",0.8849069116620759,0.8792602288108429,0.8475129902651388,0.28175235275414395,0.1849585236088947,21.460350967014293,81.0,1969.5
MERGED_flow,27196,RandomForest,I_random,,0.9780981430489623,0.9785390865081326,0.9761357616551435,0.12290891883322068,0.08237764781102369,8.374878292865054,,283.8
MERGED_flow,27196,RandomForest,II_condition_wise,,0.8527773283186141,0.9152530080273379,0.7188688431219069,0.3186619993951429,0.20448469990661203,25.942620410767507,8.0,10.7
MERGED_flow,27196,RandomForest,III_surface_wise,,0.8847467357783748,0.86078956539465,0.8476042873033823,0.2819483429814559,0.19401127189216824,21.850024824285242,92.0,12.2
MERGED_flow,27196,RandomForest,IV_leave_one_publication_out,"DEGENERATE: groups are 100% study-pure -> this is a study split, not a genuine IV_leave_one_publication_out",0.8742575962271256,0.896085841280717,0.7479903309732931,0.29449898922510037,0.1942822873478343,22.804274842982874,81.0,119.2
MERGED_flow,27196,ExtraTrees,I_random,,0.98059587143308,0.9807789310627755,0.9798515603293049,0.1156884496554925,0.07652774775534504,7.788693441679135,,39.5
MERGED_flow,27196,ExtraTrees,II_condition_wise,,0.8749710305458561,0.9310101588224942,0.7489154819985953,0.29366234004755465,0.18507735167044492,23.209125410729524,8.0,3.5
MERGED_flow,27196,ExtraTrees,III_surface_wise,,0.9072241174357712,0.8966286269848802,0.8804411608777805,0.2529650231999873,0.1768839355511288,19.407859304014995,92.0,4.6
MERGED_flow,27196,ExtraTrees,IV_leave_one_publication_out,"DEGENERATE: groups are 100% study-pure -> this is a study split, not a genuine IV_leave_one_publication_out",0.9000500016541966,0.9037710788442339,0.8317453934636793,0.26256348311202565,0.17748096759753498,19.901588670401605,81.0,5.6
MERGED_flow,27196,XGBoost,I_random,,0.9683386334438203,0.9680589964147194,0.9668375857847995,0.14777731015777867,0.11060652996233705,11.229191130187846,,3.0
MERGED_flow,27196,XGBoost,II_condition_wise,,0.8591443195172379,0.8661535350718126,0.758164249505044,0.3116951986136059,0.21254309065276025,26.85342492965484,8.0,2.3
MERGED_flow,27196,XGBoost,III_surface_wise,,0.8925796049622967,0.895739292937805,0.868677685789965,0.27219885997234056,0.20165327518592452,20.955970420829768,92.0,140.8
MERGED_flow,27196,XGBoost,IV_leave_one_publication_out,"DEGENERATE: groups are 100% study-pure -> this is a study split, not a genuine IV_leave_one_publication_out",0.9021338139279496,0.9097577199253597,0.8311657346669112,0.2598120330355036,0.18104702078033733,20.08459729127519,81.0,1.5
MERGED_flow,27196,LightGBM,I_random,,0.9729690901331559,0.9729586593561099,0.971674498198795,0.1365442013427749,0.09991797462023028,10.140278823841108,,5.0
MERGED_flow,27196,LightGBM,II_condition_wise,,0.8776382106520833,0.8970313747385651,0.7873443361266053,0.29051317916111474,0.194262799137511,23.876114247848335,8.0,52.4
MERGED_flow,27196,LightGBM,III_surface_wise,,0.8979444156639735,0.9025099394843366,0.8521447269912646,0.2653147018851745,0.1906763919878132,20.394083285977548,92.0,4.6
MERGED_flow,27196,LightGBM,IV_leave_one_publication_out,"DEGENERATE: groups are 100% study-pure -> this is a study split, not a genuine IV_leave_one_publication_out",0.8974335033057783,0.9169519631656585,0.7983914212835092,0.265977984217289,0.18073443008140957,20.40959761756308,81.0,4.9
MERGED_flow,27196,CatBoost,I_random,,0.9662532380963773,0.966445253368219,0.9646777374642094,0.1525664296682402,0.11438715731622197,11.63362680182721,,2.3
MERGED_flow,27196,CatBoost,II_condition_wise,,0.8857074982599006,0.9171710598739038,0.8085999815654531,0.2807707091478276,0.19132322082849257,22.571276533198432,8.0,2.0
MERGED_flow,27196,CatBoost,III_surface_wise,,0.8991959100016746,0.8968231829042616,0.8614192775706846,0.2636829240686067,0.18825878355898026,20.22568540604212,92.0,2.0
MERGED_flow,27196,CatBoost,IV_leave_one_publication_out,"DEGENERATE: groups are 100% study-pure -> this is a study split, not a genuine IV_leave_one_publication_out",0.9040454783200367,0.9219709793460222,0.8417200793276733,0.2572620060522241,0.1788645357483492,19.780568755837017,81.0,2.0
MERGED_flow,27196,Stacking_RF_XGB_SVR,I_random,,0.9730273136834469,0.9727266324401664,0.9723174176359332,0.1363970665649112,0.10086910543510412,9.957499861952623,,267.7
MERGED_flow,27196,Stacking_RF_XGB_SVR,II_condition_wise,,0.8819595007269376,0.9289007717907196,0.7708570733606948,0.2853372348447584,0.1794209087996151,22.28364488432301,8.0,256.6
MERGED_flow,27196,Stacking_RF_XGB_SVR,III_surface_wise,,0.9038994257213513,0.8924318675888031,0.886429228420715,0.25745772115222326,0.18693334257547098,19.541754543045915,92.0,257.1
MERGED_flow,27196,Stacking_RF_XGB_SVR,IV_leave_one_publication_out,"DEGENERATE: groups are 100% study-pure -> this is a study split, not a genuine IV_leave_one_publication_out",0.901634652976859,0.9164814123072826,0.8314890099211567,0.26047376861798194,0.17718785913543975,19.483514982515583,81.0,255.1
NRC_flow_noX,24443,Linear,I_random,,0.793815135214042,0.7947656070396255,0.7825870902445206,0.3702620889815856,0.2645277861130809,28.419367611588324,,0.0
NRC_flow_noX,24443,Linear,II_condition_wise,,0.763064167747384,0.7851949789228801,0.6525070519010354,0.39691382697138156,0.2801095005840973,32.310067824032075,8.0,0.0
NRC_flow_noX,24443,Linear,III_surface_wise,,0.7517154031834952,0.7698861587526414,0.696659652316477,0.40630834726490594,0.2790261278718662,29.7963815409645,74.0,0.0
NRC_flow_noX,24443,Linear,IV_leave_one_publication_out,"DEGENERATE: groups are 100% study-pure -> this is a study split, not a genuine IV_leave_one_publication_out",0.7432835926967502,0.7840978641532292,0.5557123712047991,0.4131499162363241,0.28103818677971537,29.89812516141702,60.0,0.0
NRC_flow_noX,24443,Poly2_Ridge,I_random,,0.9173218680164921,0.919315932998907,0.9124422259755864,0.23446400750146007,0.1561646904550124,16.548960341085493,,0.1
NRC_flow_noX,24443,Poly2_Ridge,II_condition_wise,,0.8901943068384471,0.9132321715219165,0.8015234814891785,0.2702049400686571,0.1765638812455024,18.936138376232336,8.0,0.1
NRC_flow_noX,24443,Poly2_Ridge,III_surface_wise,,0.5352926279937911,0.8912577177861531,-0.3439119308081011,0.5558666733410181,0.20478392118612357,4149.971035982342,74.0,0.1
NRC_flow_noX,24443,Poly2_Ridge,IV_leave_one_publication_out,"DEGENERATE: groups are 100% study-pure -> this is a study split, not a genuine IV_leave_one_publication_out",0.5010414514033253,0.9130673182130331,-1.2117664761042062,0.5759875414503822,0.20642437203132638,5920.991376643007,60.0,0.1
NRC_flow_noX,24443,KNN_k5,I_random,,0.9782244597351777,0.9786617095074307,0.9761536552720925,0.12032761962470712,0.07470529972849868,7.640017211841423,,0.2
NRC_flow_noX,24443,KNN_k5,II_condition_wise,,0.8261133134609988,0.9203506719166932,0.5745624483729345,0.34002748395355126,0.18617387787466358,26.87776938527982,8.0,0.2
NRC_flow_noX,24443,KNN_k5,III_surface_wise,,0.8055793190938234,0.7872466041982882,0.7134783558164208,0.35954403318203443,0.23096584330118836,26.45685830805903,74.0,0.2
NRC_flow_noX,24443,KNN_k5,IV_leave_one_publication_out,"DEGENERATE: groups are 100% study-pure -> this is a study split, not a genuine IV_leave_one_publication_out",0.7982953398797129,0.8368357362405273,0.6065299447156423,0.3662172709746684,0.21971854557293102,25.116925593834388,60.0,0.2
NRC_flow_noX,24443,SVR_RBF,I_random,,0.9882342656387335,0.9878800278759998,0.9870357924565357,0.08844848030413785,0.04742276967455538,5.036715884217637,,58.4
NRC_flow_noX,24443,SVR_RBF,II_condition_wise,,0.9497134151217101,0.9807417574891167,0.8626614632133995,0.18285503656630675,0.08800262790671963,10.488188168107127,8.0,53.5
NRC_flow_noX,24443,SVR_RBF,III_surface_wise,,0.9572048906480908,0.9556504105980924,0.9394635626067447,0.16868556733629114,0.09324852110100805,10.227528379518267,74.0,51.7
NRC_flow_noX,24443,SVR_RBF,IV_leave_one_publication_out,"DEGENERATE: groups are 100% study-pure -> this is a study split, not a genuine IV_leave_one_publication_out",0.948318634305934,0.9547168900056753,0.8980539505483427,0.18537358400848852,0.0942844949436717,10.367668178686891,60.0,52.5
NRC_flow_noX,24443,ANN_MLP,I_random,,0.9914080713407701,0.9910053635149754,0.9902959953008559,0.07558335875314821,0.052212675907408676,5.285357624147069,,13.4
NRC_flow_noX,24443,ANN_MLP,II_condition_wise,,0.961508499689995,0.9865313716722569,0.9229068579704812,0.1599791096837561,0.09585962437005961,10.39722491481198,8.0,12.1
NRC_flow_noX,24443,ANN_MLP,III_surface_wise,,0.9716095228402332,0.9705792828267742,0.9634065389106309,0.13739382104109946,0.08755543189970895,9.088477473410556,74.0,11.9
NRC_flow_noX,24443,ANN_MLP,IV_leave_one_publication_out,"DEGENERATE: groups are 100% study-pure -> this is a study split, not a genuine IV_leave_one_publication_out",0.9102309779766372,0.9733160930121835,0.6349125080577497,0.24431160839164962,0.09961697277422842,20.612281365168855,60.0,12.2
NRC_flow_noX,24443,RandomForest,I_random,,0.9934625518419105,0.9934459846693423,0.9929378998521683,0.0659302898254488,0.04434674274024255,4.4745464845312934,,8.0
NRC_flow_noX,24443,RandomForest,II_condition_wise,,0.9249959623338744,0.9631197346620828,0.8145715439326404,0.22331771605838965,0.11987287450484493,15.08008682387769,8.0,7.8
NRC_flow_noX,24443,RandomForest,III_surface_wise,,0.9277778555730176,0.9334286041040716,0.897686910590479,0.2191371684170082,0.14660240477225636,16.093560809744403,74.0,8.0
NRC_flow_noX,24443,RandomForest,IV_leave_one_publication_out,"DEGENERATE: groups are 100% study-pure -> this is a study split, not a genuine IV_leave_one_publication_out",0.9312988175806824,0.9339421378871465,0.9001251335728033,0.213728757886395,0.1317133061537303,14.988060760941096,60.0,7.8
NRC_flow_noX,24443,ExtraTrees,I_random,,0.99636245612471,0.9963590289329812,0.9960688256171876,0.049179598188715055,0.03143856358325695,3.1691863885925793,,3.2
NRC_flow_noX,24443,ExtraTrees,II_condition_wise,,0.9280286724085849,0.977535798838544,0.8023470187027864,0.218756321971203,0.10509192904612764,14.063118134870454,8.0,3.2
NRC_flow_noX,24443,ExtraTrees,III_surface_wise,,0.9476074605479544,0.9506122559334658,0.9277979657150575,0.1866446649019946,0.11807072278498017,13.021404148752111,74.0,3.0
NRC_flow_noX,24443,ExtraTrees,IV_leave_one_publication_out,"DEGENERATE: groups are 100% study-pure -> this is a study split, not a genuine IV_leave_one_publication_out",0.9426153364923342,0.9516597303228114,0.9121391480523238,0.19533441921818662,0.11215981406221114,12.841714997388905,60.0,2.9
NRC_flow_noX,24443,XGBoost,I_random,,0.9922169831421596,0.9922052277979164,0.9915346310985683,0.07193741726140426,0.05043521210769704,5.069543233097425,,1.4
NRC_flow_noX,24443,XGBoost,II_condition_wise,,0.9414365704183161,0.9750211066662816,0.8505783314987487,0.19733045026327764,0.10576874111192729,13.178963103445735,8.0,1.4
NRC_flow_noX,24443,XGBoost,III_surface_wise,,0.9585947958572307,0.9580633751734408,0.9403774767451272,0.1659236607843584,0.10182736775363521,11.241542010579096,74.0,1.5
NRC_flow_noX,24443,XGBoost,IV_leave_one_publication_out,"DEGENERATE: groups are 100% study-pure -> this is a study split, not a genuine IV_leave_one_publication_out",0.9526605544815211,0.9579941836724368,0.9192430143736909,0.17741585940246002,0.10504475322996448,11.831260107136714,60.0,1.5
NRC_flow_noX,24443,LightGBM,I_random,,0.9924977686048913,0.9925065137171523,0.9914885067162059,0.07062786585895992,0.04600860040430584,4.64943525993864,,5.2
NRC_flow_noX,24443,LightGBM,II_condition_wise,,0.940299369063825,0.9731668909954497,0.8508665248448761,0.19923714800862016,0.10342579781621786,13.113114302106812,8.0,5.3
NRC_flow_noX,24443,LightGBM,III_surface_wise,,0.9574347842606021,0.9562129511810467,0.9378605396242957,0.16823187115236024,0.10370206340109792,11.330077397150793,74.0,5.0
NRC_flow_noX,24443,LightGBM,IV_leave_one_publication_out,"DEGENERATE: groups are 100% study-pure -> this is a study split, not a genuine IV_leave_one_publication_out",0.9512660562259584,0.9538339222844026,0.9236678040006457,0.1800100012260082,0.10393643267316482,11.815386605562143,60.0,5.0
NRC_flow_noX,24443,CatBoost,I_random,,0.9932212882867013,0.9933929273367933,0.992576972171195,0.06713584170278568,0.046636126173892734,4.696281535579775,,3.1
NRC_flow_noX,24443,CatBoost,II_condition_wise,,0.9443691204320767,0.9761199428382111,0.8577916147552519,0.19232636311043985,0.09805872842279965,12.23665328229379,8.0,3.4
NRC_flow_noX,24443,CatBoost,III_surface_wise,,0.964494911120939,0.9625057644095038,0.9564019021337782,0.15364773340844268,0.08783993610065735,9.763036286212404,74.0,2.1
NRC_flow_noX,24443,CatBoost,IV_leave_one_publication_out,"DEGENERATE: groups are 100% study-pure -> this is a study split, not a genuine IV_leave_one_publication_out",0.9622327130388619,0.9675199589653145,0.9355598499927574,0.15846696853167525,0.08913430814363546,9.97768451319463,60.0,2.1
NRC_flow_noX,24443,Stacking_RF_XGB_SVR,I_random,,0.9927600460889523,0.9928770653279914,0.992179498642158,0.06938231025825839,0.050572751099177825,5.029833968620269,,102.8
NRC_flow_noX,24443,Stacking_RF_XGB_SVR,II_condition_wise,,0.9481999704166841,0.980412454740642,0.8645106360826699,0.18558627709320652,0.09736330891492648,11.76771998870588,8.0,97.6
NRC_flow_noX,24443,Stacking_RF_XGB_SVR,III_surface_wise,,0.9667941229965669,0.9671655755474854,0.9516609056011399,0.14858957255252722,0.09145724428235572,9.78141837062039,74.0,96.9
NRC_flow_noX,24443,Stacking_RF_XGB_SVR,IV_leave_one_publication_out,"DEGENERATE: groups are 100% study-pure -> this is a study split, not a genuine IV_leave_one_publication_out",0.9624811704704807,0.9609127720735098,0.9234342286733171,0.15794485975579745,0.09353534176471508,10.139775828550967,60.0,95.7
pin_fin_noFluid,175,Linear,I_random,,0.2904896874221842,0.26386348858348185,0.21802354008200187,0.5211196735607803,0.3896537058792353,39.94919289966867,,0.0
pin_fin_noFluid,175,Linear,II_condition_wise,,-19.523237590118203,-0.29079076839795337,-27.826329839421657,2.802728627429028,1.3510729210042227,1779.5483478636022,6.0,0.0
pin_fin_noFluid,175,Linear,III_surface_wise,,0.26249099950869637,0.266142649909057,-0.12140386046412366,0.5313023972342662,0.4035197841514089,42.17738771633866,67.0,0.0
pin_fin_noFluid,175,Linear,IV_leave_one_publication_out,"DEGENERATE: groups are 100% study-pure -> this is a study split, not a genuine IV_leave_one_publication_out",-8.019947830977337,-0.5730527414772788,-205.32467446059775,1.8580616766996476,0.7822006228520576,729.130477931846,16.0,0.0
pin_fin_noFluid,175,Poly2_Ridge,I_random,,0.2686906911148941,0.4251530189824628,-0.13620087304500283,0.5290645515762048,0.3448805387741363,45.02121599509197,,0.0
pin_fin_noFluid,175,Poly2_Ridge,II_condition_wise,,-7758.921975803799,0.20419701332436446,-10996.46240017111,54.4987812538966,14.986458215213426,2.9718537700892567e+26,6.0,0.0
pin_fin_noFluid,175,Poly2_Ridge,III_surface_wise,,0.15807369977074626,0.17459126544239179,-0.35300331839606836,0.5676689645104436,0.3811219466126706,51.45102673880489,67.0,0.0
pin_fin_noFluid,175,Poly2_Ridge,IV_leave_one_publication_out,"DEGENERATE: groups are 100% study-pure -> this is a study split, not a genuine IV_leave_one_publication_out",-2.4599832381716684,-1.2224913604736938,-107.65273323017861,1.1507874327323306,0.578875625032738,61.74316563223109,16.0,0.0
pin_fin_noFluid,175,KNN_k5,I_random,,0.3576552903515072,0.4449729164741426,-0.07195460591318614,0.49584071925671913,0.2882630287722779,31.542242039532308,,0.0
pin_fin_noFluid,175,KNN_k5,II_condition_wise,,-0.08919395822350196,0.27597594277440374,-0.4204739853541546,0.6456701736313476,0.4026850152679416,31.03251288018523,6.0,0.0
pin_fin_noFluid,175,KNN_k5,III_surface_wise,,0.43822467221748584,0.32241088630225057,0.23482946759110246,0.4637025070634385,0.30232986134708006,33.12399781189745,67.0,0.0
pin_fin_noFluid,175,KNN_k5,IV_leave_one_publication_out,"DEGENERATE: groups are 100% study-pure -> this is a study split, not a genuine IV_leave_one_publication_out",0.28210765649400593,0.16447387164440053,-81.01572254672024,0.524188843924324,0.3264337878701443,36.01865036492601,16.0,0.0
pin_fin_noFluid,175,SVR_RBF,I_random,,0.3394219501724285,0.3912308867882879,0.07047532178308069,0.5028288439676435,0.2672803225353264,33.8011159691507,,0.0
pin_fin_noFluid,175,SVR_RBF,II_condition_wise,,-0.3726470751965967,0.3509470906788722,-0.8271519853290268,0.7248323324287728,0.41936527249796685,28.821647647139493,6.0,0.0
pin_fin_noFluid,175,SVR_RBF,III_surface_wise,,0.31427072557178115,0.33056487471125295,-0.04796363993427244,0.5123119170007401,0.2948051385128074,37.33659588211219,67.0,0.0
pin_fin_noFluid,175,SVR_RBF,IV_leave_one_publication_out,"DEGENERATE: groups are 100% study-pure -> this is a study split, not a genuine IV_leave_one_publication_out",-0.01961354584760322,-0.07115221021989415,-137.05712627469805,0.6247063368633563,0.3685912494073523,45.88190369114467,16.0,0.0
pin_fin_noFluid,175,ANN_MLP,I_random,,0.31921774891100785,0.3800662253090997,0.13612977592208653,0.5104605985199477,0.35850333280316765,39.43426316233393,,0.8
pin_fin_noFluid,175,ANN_MLP,II_condition_wise,,-2013.3484870197071,0.08385616315307765,-2853.6450887712276,27.76677342044576,11.262919003798357,5.737697926443789e+55,6.0,0.8
pin_fin_noFluid,175,ANN_MLP,III_surface_wise,,-0.436004424260263,-0.6264283168147007,-1.7128777967054973,0.7413716968026599,0.5182367868918051,80.36476203890489,67.0,0.8
pin_fin_noFluid,175,ANN_MLP,IV_leave_one_publication_out,"DEGENERATE: groups are 100% study-pure -> this is a study split, not a genuine IV_leave_one_publication_out",-0.45937442314241106,-1.2031053354150587,-122.76582644740945,0.7473800111319624,0.5166821070428029,78.13577906291759,16.0,2.4
pin_fin_noFluid,175,RandomForest,I_random,,0.8348395805846435,0.8607629033491184,0.7146137126319341,0.25142652999277,0.14162110169740844,14.484154958560586,,0.5
pin_fin_noFluid,175,RandomForest,II_condition_wise,,-0.45984675600801284,0.3431712446465325,-0.9596412490182791,0.7475009477394216,0.4688601333122227,30.49368358596321,6.0,0.5
pin_fin_noFluid,175,RandomForest,III_surface_wise,,0.791883134140876,0.8301458743887822,0.5543010012989883,0.2822355731152033,0.1707443092372506,18.699304048541148,67.0,0.5
pin_fin_noFluid,175,RandomForest,IV_leave_one_publication_out,"DEGENERATE: groups are 100% study-pure -> this is a study split, not a genuine IV_leave_one_publication_out",0.61961599015779,0.3703747013064203,-115.23402701338426,0.38156562210846057,0.21586379780361167,28.754755929450816,16.0,1.6
pin_fin_noFluid,175,ExtraTrees,I_random,,0.7661979174218955,0.7613832823045941,0.630691052994248,0.2991453804980164,0.18029498787948947,18.075866001822135,,0.4
pin_fin_noFluid,175,ExtraTrees,II_condition_wise,,-0.40043173155414746,0.7814728697297246,-0.9343851105626026,0.7321314857982872,0.41241806833887573,25.568136672409686,6.0,0.4
pin_fin_noFluid,175,ExtraTrees,III_surface_wise,,0.7035183000629488,0.7531521216824806,0.5039868069832425,0.33686590646125836,0.21088673482669126,23.305103102850676,67.0,0.4
pin_fin_noFluid,175,ExtraTrees,IV_leave_one_publication_out,"DEGENERATE: groups are 100% study-pure -> this is a study split, not a genuine IV_leave_one_publication_out",0.44154753833060445,0.24483175277810798,-120.3647664179227,0.46232908738827405,0.2732722810292927,35.007772204277444,16.0,1.2
pin_fin_noFluid,175,XGBoost,I_random,,0.8578006422452257,0.8690878328999994,0.7397943485056192,0.23329580548361367,0.11319642908104342,11.30609499731287,,1.1
pin_fin_noFluid,175,XGBoost,II_condition_wise,,-0.7144295259139706,0.41020668259924986,-1.3251005600720283,0.8100613880587877,0.4982507658248711,30.609027010914215,6.0,1.1
pin_fin_noFluid,175,XGBoost,III_surface_wise,,0.8617968935292514,0.8570237154397298,0.801353210388547,0.22999426962664984,0.13376846740408255,13.896989457293863,67.0,1.1
pin_fin_noFluid,175,XGBoost,IV_leave_one_publication_out,"DEGENERATE: groups are 100% study-pure -> this is a study split, not a genuine IV_leave_one_publication_out",0.4686825645029675,0.6309025383579352,-182.79815096204896,0.4509570148289412,0.2144121335246438,34.194689642106525,16.0,3.7
pin_fin_noFluid,175,LightGBM,I_random,,0.7124313582429744,0.6798893740305745,0.600216754775824,0.33176370785872755,0.20576238828397078,20.393941638058546,,0.6
pin_fin_noFluid,175,LightGBM,II_condition_wise,,-0.437313020841098,0.4208619928831744,-0.954090298203583,0.741709417053278,0.45816973799947514,29.86280804593432,6.0,0.6
pin_fin_noFluid,175,LightGBM,III_surface_wise,,0.6665668511307639,0.7255448677948388,0.28249729316619976,0.3572419900459235,0.22428648170273674,26.440632245911683,67.0,0.6
pin_fin_noFluid,175,LightGBM,IV_leave_one_publication_out,"DEGENERATE: groups are 100% study-pure -> this is a study split, not a genuine IV_leave_one_publication_out",0.4151478738315345,0.49057897097685826,-171.58192825808797,0.4731307224449075,0.26672846440255105,37.63522661162864,16.0,2.3
pin_fin_noFluid,175,CatBoost,I_random,,0.8213977104634675,0.8618606175548991,0.7058286203744477,0.26145781291936526,0.14048698945936744,13.635188579538877,,0.3
pin_fin_noFluid,175,CatBoost,II_condition_wise,,-0.39072631667051794,0.34149621155485865,-0.8649484781613337,0.7295901288861499,0.45509032904343877,29.881894102223455,6.0,0.2
pin_fin_noFluid,175,CatBoost,III_surface_wise,,0.8108123127663839,0.749071219397158,0.7294070160522231,0.26909433008485895,0.15902964795949068,16.560874532757534,67.0,0.2
pin_fin_noFluid,175,CatBoost,IV_leave_one_publication_out,"DEGENERATE: groups are 100% study-pure -> this is a study split, not a genuine IV_leave_one_publication_out",0.5195891664045311,0.32518837751155505,-112.90423379136803,0.42880960959432074,0.24667266924553344,32.16928475522995,16.0,0.9
pin_fin_noFluid,175,GPR_Matern,I_random,,0.19863538000729686,0.18745466137168976,0.15160079367307877,0.5538258150842407,0.3806730621655419,33.867825375316485,,0.2
pin_fin_noFluid,175,GPR_Matern,II_condition_wise,,-0.6468577802277369,-0.3643262667995433,-2.458137050323965,0.7939372176796676,0.5205231463490871,41.87364630336669,6.0,0.1
pin_fin_noFluid,175,GPR_Matern,III_surface_wise,,0.10189465980968593,0.07412508804718099,-0.2265776119709415,0.5863025086503,0.4319241927583625,40.8914375934868,67.0,0.2
pin_fin_noFluid,175,GPR_Matern,IV_leave_one_publication_out,"DEGENERATE: groups are 100% study-pure -> this is a study split, not a genuine IV_leave_one_publication_out",0.02132663055011197,0.28578436868294715,-103.15209076116284,0.6120360428556574,0.41127666002203067,41.479931477164484,16.0,0.6
pin_fin_noFluid,175,Stacking_RF_XGB_SVR,I_random,,0.07508241063238097,0.08018844274994819,-0.09314777953742204,0.5949899530954631,0.45169620150418965,48.55325439406887,,5.3
pin_fin_noFluid,175,Stacking_RF_XGB_SVR,II_condition_wise,,-0.6221829132351591,-0.2257160179365132,-2.447089067128644,0.7879669903919442,0.5220789151753811,41.666918874329,6.0,5.2
pin_fin_noFluid,175,Stacking_RF_XGB_SVR,III_surface_wise,,-0.03508327693396529,0.17850109722403384,-1.103204574633656,0.6294275660384072,0.4596140040742668,56.33366255048586,67.0,5.0
pin_fin_noFluid,175,Stacking_RF_XGB_SVR,IV_leave_one_publication_out,"DEGENERATE: groups are 100% study-pure -> this is a study split, not a genuine IV_leave_one_publication_out",0.04755671569074582,-0.7946572108998983,-39.23440657744823,0.6037785429537385,0.4656827261963013,52.6399670553853,16.0,17.1
