arch,lam_mono,lam_zuber,lr,n_collocation,r2_mean,r2_std,r2_min,r2_max,mape_mean
16x16x8,0.5,0.1,0.001,512,0.6875444821797971,0.1578780736355172,0.38698934857416056,0.8307432797327149,33.79385452673209
16x16x8,0.0,0.1,0.001,512,0.6803515988475651,0.16196222619933645,0.3854808852087822,0.84457061728533,35.246210997451406
16x16x8,0.3,0.1,0.001,512,0.6755020550416809,0.15567764344207102,0.38609984069839,0.8273708025855524,34.69188666831527
16x16x8,0.1,0.1,0.001,512,0.6731116019124327,0.1635537976319757,0.38557658490398783,0.8468131845874954,34.938798216508076
16x16x8,0.0,0.1,0.001,256,0.6541761591126471,0.1990003916366783,0.27755059120063175,0.8463334275562886,36.35842637951911
16x16x8,0.1,0.1,0.001,256,0.6498709545873051,0.19911819382948678,0.27731763456010083,0.8450986436728174,35.97035388450624
16x16x8,0.3,0.1,0.001,256,0.6489792170477391,0.19404307889949324,0.2773970828456138,0.8303577160741634,35.6992944237912
16x16x8,0.5,0.1,0.001,256,0.6451050769883965,0.1933166899522275,0.2767455620488618,0.8294897907951067,35.895409795046106
16x16x8,0.5,0.3,0.001,256,0.6010616997255781,0.11702668374466359,0.4479020968755676,0.7860200608887363,33.491597423984956
16x16x8,0.3,0.3,0.001,256,0.5917481459851003,0.11413782477277191,0.4475305418955794,0.7937550123503662,34.82484249235415
16x16x8,0.0,0.3,0.001,512,0.5782094329099776,0.15820618468233313,0.380910679324692,0.8040028426113417,36.471639535017104
8x8,0.3,0.1,0.001,512,0.5736419684737515,0.06590757240787226,0.5200577380600047,0.6999544017125506,41.61685858205827
16x16x8,0.0,0.3,0.001,256,0.5685538456794736,0.1245028330117198,0.4243157320526513,0.797010967054531,34.15097399501628
8x8,0.3,0.1,0.001,256,0.5645914270742672,0.06552671225672743,0.522208042530157,0.695062994218252,41.73131900290373
16x16x8,0.1,0.3,0.001,256,0.5631909529435883,0.1135010570968575,0.44323559664498513,0.7792036591022303,34.24564977433357
16x16x8,0.1,0.3,0.001,512,0.5631177259009217,0.14552029299922298,0.3799334676757189,0.8055946544872762,36.8266423083479
16x16x8,0.5,0.3,0.001,512,0.5619440817412328,0.14171829445259446,0.3795833838883397,0.7780614686948204,36.88413033866208
16x16x8,0.3,0.3,0.001,512,0.5537599648772658,0.14446579242727994,0.37977607565553084,0.8059885129860358,37.275194250819865
16x16x8,0.5,0.3,0.0005,256,0.5485419039295067,0.13419407587189436,0.384936373561939,0.7671649630731826,38.23284778117462
8x8,0.1,0.1,0.001,512,0.5380671013487601,0.09594557569559137,0.3998729764169824,0.7003110346748043,42.72861077659381
16x16x8,0.0,0.3,0.0005,256,0.537297366590724,0.14585872975495653,0.3526553830584831,0.7726127496342605,38.58129344801014
16x16x8,0.3,0.3,0.0005,256,0.5352175114825913,0.1505614849049055,0.3391348424128058,0.7691675276148581,38.5820167731686
8x8,0.1,0.1,0.001,256,0.5337298134384636,0.09806232350604194,0.38707128329066365,0.6955037823364152,42.652235774012
16x16x8,0.1,0.3,0.0005,256,0.5310438658512358,0.15417192634107674,0.3157425172297744,0.770666969585491,38.469331054167064
16x8,0.5,0.1,0.001,256,0.528005645616636,0.08467821998416869,0.4472297142990169,0.6890156144863282,42.65902376748916
8x8,0.0,0.1,0.001,512,0.5271982783607739,0.11218510013597018,0.3473287120782811,0.7005590973839233,42.669880767771915
16x8,0.5,0.1,0.001,512,0.5271168775078064,0.08560370144158375,0.4310078370248993,0.6845298920339729,42.80562827302458
8x8,0.0,0.1,0.001,256,0.5263983340814096,0.10892258306381335,0.3525260087163229,0.6956572342971867,42.65789738683071
16x8,0.3,0.1,0.001,256,0.5252880932520831,0.0826976753461092,0.4405688391114565,0.680459851877224,42.720588063551624
16x16x8,0.5,0.3,0.0005,512,0.5247284678847683,0.1420083919142748,0.36618006091210487,0.7638174848413376,39.58175258882034
16x8,0.3,0.1,0.001,512,0.5246087281136687,0.0831800622270932,0.42758978712901363,0.6755066564871133,42.89653229829422
16x8,0.1,0.1,0.001,512,0.5221020763774182,0.08057246201883295,0.42398732993444277,0.6658390168267504,42.95710803219846
16x8,0.1,0.1,0.001,256,0.5218472161513548,0.08177374107215755,0.4306180048943058,0.672322337973604,42.752239999119794
16x8,0.0,0.1,0.001,512,0.5211042297068874,0.07912436295838816,0.4230642458783912,0.6612378445961339,42.9699256626679
16x8,0.0,0.1,0.001,256,0.5195656899767269,0.08094158640471845,0.4250994077252763,0.6665545872948299,42.79219824626481
16x16x8,0.3,0.3,0.0005,512,0.5182282966918836,0.14908926950137386,0.3672672092703123,0.770459384414912,39.9103878001928
8x8,0.0,0.3,0.0005,512,0.5174205912045657,0.15073698593692403,0.36447018330273184,0.7322227318649426,41.129928175873886
16x16x8,0.0,0.3,0.0005,512,0.5164798059236662,0.15223570802393227,0.36673777314382505,0.7703096239517149,39.916897791605614
16x16x8,0.1,0.3,0.0005,512,0.5116095411793802,0.15821558212383935,0.3335855118283406,0.768018298463756,39.794952052994844
8x8,0.1,0.3,0.0005,512,0.5061317969342921,0.13158587100683614,0.36446819804473685,0.6637848127023731,41.38711875042939
8x8,0.0,0.3,0.0005,256,0.4928253729793969,0.13028258920327132,0.31721691600667123,0.6632494164509699,41.47764573038482
16x8,0.0,0.1,0.0005,512,0.4856701356476661,0.05577228742881386,0.4136486983731612,0.5564565715630638,41.017520851520366
16x8,0.1,0.1,0.0005,512,0.48471107025234844,0.05391590630473986,0.41499146110108187,0.5509063298104014,41.032314653484306
8x8,0.1,0.3,0.0005,256,0.4822669641334464,0.11274684201472798,0.33033878217231005,0.6634420173387852,41.75625289348124
16x8,0.3,0.1,0.0005,512,0.4820237824711481,0.05164980907338424,0.4174386128515689,0.54506575848992,41.08107427761321
8x8,0.3,0.3,0.0005,512,0.4804995866880265,0.10918437426401242,0.3657603997512996,0.6630924625357464,42.06827800329937
16x8,0.5,0.1,0.0005,512,0.4803292169409243,0.05002198676862854,0.4199498639291236,0.5449469079860522,41.10712331083623
8x8,0.0,0.3,0.001,256,0.4761265327715128,0.13196257975460726,0.24778363629285927,0.6482371837506284,44.289101778127524
8x8,0.0,0.3,0.001,512,0.4744587182053362,0.15048765048315232,0.20163884266701526,0.663250442616081,44.33058029269661
16x8,0.1,0.1,0.0005,256,0.47428225423781695,0.055805849116518425,0.4046398198001715,0.5410212973016231,41.21273084705265
16x8,0.3,0.1,0.0005,256,0.4732074279286924,0.05224001527174458,0.40675392229173724,0.5385925558108816,41.15324369842298
16x8,0.5,0.1,0.0005,256,0.4714189918191982,0.050128981700521755,0.40887687897739056,0.538782690638514,41.16536881096418
8x8,0.1,0.3,0.001,256,0.4712155067449991,0.13058477613555522,0.24778363629285927,0.6480961465167479,43.69409364964125
16x8,0.0,0.3,0.001,256,0.46966019469329723,0.11633088372295768,0.3598152531555261,0.6880075585913237,41.489041841273504
16x8,0.1,0.3,0.001,256,0.4686934452192918,0.11339137109964827,0.3601101705361385,0.6801403213598775,41.54725848039865
16x8,0.1,0.3,0.001,512,0.4661744677762509,0.13701399646347362,0.3138387845983599,0.7159835560948745,42.025387122668874
16x16x8,0.3,0.1,0.0005,512,0.4657758130737279,0.2175399028459679,0.16337894341817272,0.7560173051686945,42.944220693428825
16x8,0.3,0.3,0.001,256,0.4654952817188008,0.09948983777769509,0.36995661073484787,0.647902990274509,41.880478320773
16x16x8,0.5,0.1,0.0005,512,0.46517398563686757,0.21950576226845725,0.16111103403153482,0.7614897355733081,42.51612893306026
8x8,0.5,0.3,0.001,256,0.4651217181770223,0.1294125990473854,0.24778363629285927,0.6483521521208044,44.46636380908383
16x8,0.0,0.3,0.001,512,0.46497642363624925,0.1362038625372518,0.3115205934428348,0.7128022907595475,42.0730477472393
16x8,0.0,0.1,0.0005,256,0.46384955459476496,0.06578473091864183,0.3980018715389627,0.5478378144437377,41.3803391422458
16x16x8,0.3,0.1,0.0005,256,0.46307724515957344,0.21579325954357245,0.15218248661932487,0.7628523294290379,42.74829046229519
8x8,0.1,0.3,0.001,512,0.46267736499290457,0.15061329274991758,0.20163884266701526,0.6633350022519378,44.063281945891006
16x16x8,0.5,0.1,0.0005,256,0.4623632221383735,0.21461519289573455,0.14861406361899543,0.7519120983886938,42.52341289962654
16x8,0.5,0.3,0.001,256,0.45958276405760473,0.09200272629820769,0.3853980541394274,0.6355091648455902,42.10569313810539
16x8,0.0,0.3,0.0005,256,0.45472749938630913,0.11664773973122157,0.2664735366473966,0.632357517142382,39.838556845467096
8x8,0.3,0.3,0.001,256,0.45278822264237206,0.1276600349565604,0.24778363629285927,0.6479761928061047,44.54116547209766
8x8,0.5,0.3,0.0005,512,0.4512925368784705,0.10782329247263783,0.36821330656788887,0.6630080891167849,42.93114464510755
8x8,0.3,0.3,0.0005,256,0.4490218724164093,0.1159092124467829,0.3159703689936175,0.6634353548775398,42.667652627896345
16x16x8,0.1,0.1,0.0005,512,0.44776831670755807,0.2152272387966772,0.16402998423996928,0.7540324928934823,43.48199337928457
8x8,0.0,0.1,0.0005,256,0.44771762138076115,0.2347842030104458,-0.004489861518912619,0.6497052521040958,43.13425721071331
16x8,0.3,0.3,0.001,512,0.44744751864518495,0.10149582639326417,0.31712420415151643,0.6158592972994088,42.91167429263693
16x8,0.5,0.3,0.001,512,0.4465553850908477,0.0978175595995681,0.3191743781345894,0.6071016078217443,42.98780314713971
8x8,0.1,0.1,0.0005,256,0.4450261662907133,0.2302890948425327,0.005124149780389553,0.6497052521040958,43.08824640569328
8x8,0.0,0.1,0.0005,512,0.44327753234644574,0.2332322697392365,-0.0066005090883094475,0.637755489531231,43.25129594547382
8x8,0.3,0.1,0.0005,256,0.44219803099279237,0.22224144332564125,0.02317228741437105,0.6497052521040958,42.97516817413847
16x8,0.1,0.3,0.0005,256,0.44181416214746694,0.11591882819576275,0.2647887014255068,0.6298482727396126,40.441959815988646
16x8,0.3,0.3,0.0005,256,0.4415000572638563,0.11549980553981534,0.2611966915192919,0.6249260392837028,40.431445841715565
8x8,0.5,0.3,0.001,512,0.4412377598325891,0.1537673185429385,0.20163884266701526,0.6630609343990743,44.69195520681715
16x8,0.5,0.3,0.0005,256,0.44067278501083484,0.11453206504508272,0.2574180578282761,0.6177127498078563,40.42316784092638
8x8,0.1,0.1,0.0005,512,0.44047792274848563,0.22759281596369152,0.005724391021428077,0.637755489531231,43.21355514024557
16x16x8,0.1,0.1,0.0005,256,0.4388816396538469,0.2163367129781216,0.15252252968770652,0.7600407272015958,43.22196414812807
8x8,0.3,0.1,0.0005,512,0.438444347000316,0.21737223738527972,0.029550505351225387,0.637755489531231,43.09989775803418
8x8,0.3,0.3,0.001,512,0.4372710924922091,0.15425642740306159,0.20163884266701526,0.6633902765145885,44.74944357000804
16x16x8,0.0,0.1,0.0005,256,0.4343679521949677,0.2086194548556719,0.15178464308330597,0.7444870015242012,43.575026847314646
16x16x8,0.0,0.1,0.0005,512,0.4317444680410277,0.21776670109540272,0.16449778236845125,0.7532047883645112,43.71534676395852
16x8,0.5,0.3,0.0005,512,0.43165497397399405,0.13083225576788074,0.23335802001807948,0.6392657661709296,41.19133394145733
16x8,0.3,0.3,0.0005,512,0.4312356274451953,0.1314022685633905,0.2355407977176136,0.6425161766162946,41.20728920674236
16x8,0.1,0.3,0.0005,512,0.43027634240718704,0.13256583262955138,0.2357025154367981,0.6455787903328356,41.23205420086271
16x8,0.0,0.3,0.0005,512,0.43000053940262417,0.13281115667320645,0.23625994229579472,0.6466442516955788,41.23456980349596
8x8,0.5,0.1,0.0005,256,0.4296871510296433,0.21645510207269683,0.039479799850114294,0.6497052521040958,43.35808938175901
8x8,0.5,0.3,0.0005,256,0.4263287160468733,0.13053050066331234,0.2970660108722044,0.6635242666208996,43.2313630840459
8x8,0.5,0.1,0.0005,512,0.4247319079625701,0.21154707788693372,0.04844498573601774,0.637755489531231,43.538972841356916
8x8,0.5,0.1,0.001,512,0.39293673443760907,0.3668295636504218,-0.3289245580252913,0.6997128388133178,43.98975086360701
8x8,0.5,0.1,0.001,256,0.387532085712755,0.3730024460922532,-0.34746871843229155,0.694818003090725,44.00855336436739
8x8,0.3,0.0,0.0005,256,0.2887378253448782,0.37543737438876007,-0.34795703760998076,0.5981187227521334,57.323394954965444
8x8,0.3,0.0,0.0005,512,0.2869790370050784,0.3717227497006618,-0.3198828059530314,0.5942971425754526,57.60965611458482
8x8,0.1,0.0,0.0005,256,0.28114691527373187,0.3850979693802988,-0.3720684249940738,0.5976470022104774,57.49780410477539
8x8,0.1,0.0,0.0005,512,0.2786140113463696,0.38240583337034456,-0.34706066121963874,0.593608308020843,57.80598109037523
8x8,0.0,0.0,0.0005,256,0.27770620512334465,0.3907982274703381,-0.3874400629200989,0.5986028145810116,57.53745286121587
8x8,0.0,0.0,0.0005,512,0.2753761848258251,0.3881802708323085,-0.36405075902243955,0.5947395873583128,57.832521466476365
8x8,0.5,0.0,0.0005,256,0.2545841038055362,0.4000477456824482,-0.33106874624603155,0.5998714145496138,57.83375455691316
8x8,0.5,0.0,0.0005,512,0.2518161235130761,0.4013966230036862,-0.3006557922420654,0.5960940953912812,58.05063912227996
16x8,0.3,0.0,0.001,512,0.22664940742874654,0.2536739732171994,-0.1746190125095448,0.5325263767734395,77.21400074823097
16x8,0.3,0.0,0.001,256,0.2199823140869631,0.2275616706473029,-0.14404337293610503,0.44409657971761207,77.14116470725935
16x8,0.5,0.0,0.001,256,0.21892644129965425,0.2276687532709238,-0.1498541504544637,0.43415362785708467,76.28714629002027
16x8,0.5,0.0,0.001,512,0.19725094750379685,0.22348926534738747,-0.18310134503148134,0.45343243311382075,77.9679117783268
16x8,0.1,0.0,0.001,512,0.19248824270689538,0.2260936092441395,-0.1742783104708483,0.4453352150919627,78.85513776613439
16x8,0.1,0.0,0.001,256,0.19244328444661413,0.20864031556255738,-0.14434563518257004,0.42750427882842024,78.30112953954469
16x8,0.0,0.0,0.001,256,0.17593827588629157,0.20143448745094136,-0.14472379479481234,0.42623235801247195,78.81733681424403
16x8,0.0,0.0,0.001,512,0.17424349893690447,0.22103876426062774,-0.17441682755082222,0.4441139549014408,79.4229314049357
16x8,0.5,0.0,0.0005,512,0.032890269353968035,0.3660521130162088,-0.5828257858156809,0.5032508239525684,67.84380181639186
16x8,0.3,0.0,0.0005,512,0.022760621038078077,0.365795685778821,-0.5889935304938634,0.49647976016073825,68.00133558251413
8x8,0.0,0.0,0.001,256,0.016190940964825762,0.7880767987038362,-1.2466817989339565,0.8331033490351133,67.92811202100964
8x8,0.0,0.0,0.001,512,0.015778401192177792,0.7970651050814261,-1.310132933058036,0.8276285804080225,68.04734537587413
8x8,0.1,0.0,0.001,512,0.014316572980918197,0.7984675546007268,-1.3153890999956501,0.8274894983783966,67.80594688440081
8x8,0.3,0.0,0.001,512,0.014118331804127627,0.799687276573436,-1.3270945099565101,0.8272325835773319,67.15526339211223
8x8,0.1,0.0,0.001,256,0.013897601976019126,0.790928117633689,-1.2562152576653585,0.8329833167166019,67.7442873769185
8x8,0.3,0.0,0.001,256,0.013806401412686298,0.7908973989514253,-1.2654289042857423,0.8327223933626892,67.16688054351303
16x8,0.1,0.0,0.0005,512,0.013068547002791609,0.36112722586155105,-0.584772304193367,0.4865016498244026,68.15484319289567
16x8,0.5,0.0,0.0005,256,0.012367317838197578,0.37086429897347584,-0.5974260159030953,0.5081169301097652,67.73685632291559
16x8,0.0,0.0,0.0005,512,0.008857794609376902,0.3584514261311498,-0.5823165842491607,0.48071252495689987,68.22333147079381
16x8,0.3,0.0,0.0005,256,-0.0028161389560141803,0.36947032591856815,-0.600710773117684,0.5011765160215897,67.93581060211767
16x8,0.1,0.0,0.0005,256,-0.017739943700632234,0.366256185107148,-0.5974989729347455,0.4916794032395507,68.11139365779246
16x8,0.0,0.0,0.0005,256,-0.025633984740327964,0.3647178712944431,-0.5955321541747791,0.4859415364351187,68.18211046753292
8x8,0.5,0.0,0.001,512,-0.05517035241767156,0.9224066181054865,-1.6894924851292323,0.8269157806807301,65.48787560269014
16x16x8,0.5,0.0,0.0005,256,-0.07105228055415061,0.5749887015387135,-1.1170136404552764,0.45437736975429766,93.55616301366696
8x8,0.5,0.0,0.001,256,-0.07205603657066546,0.9284174997877538,-1.6892878788006946,0.8324450735772679,65.50654302447438
16x16x8,0.3,0.0,0.0005,256,-0.09501385811451138,0.5547353322212333,-1.117059937143122,0.4792629574678595,94.38058360157416
16x16x8,0.1,0.0,0.0005,256,-0.09975165568880517,0.5482948467039447,-1.1171245428273155,0.4776353704875891,97.38278488507413
16x16x8,0.0,0.0,0.0005,256,-0.11070894584623847,0.5410771665156117,-1.1171441213229065,0.4423267147877995,98.4213236943404
16x16x8,0.5,0.0,0.0005,512,-0.12147957433429832,0.6958876455535029,-1.4416565919520057,0.4589462434935352,96.41482534535312
16x16x8,0.1,0.0,0.0005,512,-0.15471437633478127,0.6731008521914581,-1.4416085143905542,0.479468931960382,100.60836049540761
16x16x8,0.3,0.0,0.0005,512,-0.1592709237841222,0.6711050781525675,-1.4417018547905434,0.47968650755203157,97.56682563976402
16x16x8,0.0,0.0,0.0005,512,-0.16142894079884107,0.6679196869115239,-1.4416496692521705,0.45092331744046177,101.36879396601282
16x16x8,0.3,0.0,0.001,512,-0.30821321508409083,1.0297586534335823,-2.3546334248517433,0.3950059861992401,181.93798416286225
16x16x8,0.3,0.0,0.001,256,-0.31397544311951375,1.0635149801403858,-2.426907462129505,0.39400878371874537,159.67316800422068
16x16x8,0.5,0.0,0.001,512,-0.3149108596741087,1.006728632400072,-2.298055861088913,0.4073939483307275,190.4913329442873
16x16x8,0.1,0.0,0.001,256,-0.3180640437467686,1.0715453150897918,-2.453442401567824,0.35893448780809156,168.44748430645348
16x16x8,0.0,0.0,0.001,256,-0.32236214526147683,1.0755446784136082,-2.4650457231368677,0.3499795716374089,174.02810181324728
16x16x8,0.1,0.0,0.001,512,-0.3392341480103743,1.06955074398153,-2.4704606445911543,0.3687157495512222,190.83937549056174
16x16x8,0.5,0.0,0.001,256,-0.35051555436087006,1.0473359352782614,-2.415244807822777,0.40571514918947227,172.22694552130753
16x16x8,0.0,0.0,0.001,512,-0.48663679672095955,1.1137172129440767,-2.649694611474503,0.34022001319801976,205.16290978578945
