study,CHF_kW_m2,Ra_um,CA_deg,material,geometry,fluid,P_kPa,orient_deg,Subcooling(K),Width(um),Height(um),Spacing(um),Coverage,Porosity,"MBL, Lateral (um)","MBL, Total (um)"
Chu et al. 2012,778.2,1.0,,SiO2,pin_fin,Water,101.325,0.0,0,0.0,0.0,0.0,0.0,0.0,0.0,0.0
Chu et al. 2012,1646.1,1.503,,SiO2,pin_fin,Water,101.325,0.0,0,10.0,10.0,15.0,1.0,0.874,69.577,23.274
Chu et al. 2012,1678.5,2.005,,SiO2,pin_fin,Water,101.325,0.0,0,10.0,20.0,15.0,1.0,0.874,69.577,34.881
Chu et al. 2012,1764.8,2.396,,SiO2,pin_fin,Water,101.325,0.0,0,5.0,20.0,10.0,1.0,0.913,52.296,30.472
Chu et al. 2012,1888.9,2.571,,SiO2,pin_fin,Water,101.325,0.0,0,10.0,20.0,10.0,1.0,0.804,40.93,25.009
Chu et al. 2012,2018.3,3.793,,SiO2,pin_fin,Water,101.325,0.0,0,10.0,20.0,5.0,1.0,0.651,18.648,13.731
Chu et al. 2012,2077.6,4.142,,SiO2,pin_fin,Water,101.325,0.0,0,5.0,20.0,5.0,1.0,0.804,20.465,15.524
Chu et al. 2011,747.4,1.0,,SiO2,pin_fin,Water,101.325,0.0,0,0.0,0.0,0.0,0.0,0.0,0.0,0.0
Chu et al. 2011,1687.3,1.585,,SiO2,pin_fin,Water,101.325,0.0,0,11.2,10.4,13.8,1.0,0.842,59.851,22.102
Chu et al. 2011,1956.2,1.94,,SiO2,pin_fin,Water,101.325,0.0,0,11.0,17.0,14.0,1.0,0.848,61.343,29.722
Chu et al. 2011,1657.2,1.885,,SiO2,pin_fin,Water,101.325,0.0,0,10.8,16.3,14.2,1.0,0.853,62.883,29.521
Chu et al. 2011,1464.8,2.367,,SiO2,pin_fin,Water,101.325,0.0,0,16.0,17.0,9.0,1.0,0.678,33.736,19.485
Kim et al. 2016,714.0,1.0,,Silicon,pin_fin,Water,101.325,0.0,0,0.0,0.0,0.0,1.0,0.0,0.0,0.0
Kim et al. 2016,1070.0,3.011,,Silicon,pin_fin,Water,101.325,0.0,0,20.0,20.0,5.0,1.0,0.497,19.789,13.216
Kim et al. 2016,1518.2,1.785,,Silicon,pin_fin,Water,101.325,0.0,0,20.0,20.0,20.0,1.0,0.804,81.859,36.01
Rahman et al. 2014,803.7,1.0,,Silicon,pin_fin,Water,101.325,0.0,0,0.0,0.0,0.0,0.0,0.0,0.0,0.0
Rahman et al. 2014,782.8,1.0,,Nickel,pin_fin,Water,101.325,0.0,0,0.0,0.0,0.0,0.0,0.0,0.0,0.0
Rahman et al. 2014,1420.0,1.021,,Nickel,pin_fin,Water,101.325,0.0,0,4.0,8.0,66.0,1.0,0.997,1555.718,31.276
Rahman et al. 2014,1480.0,1.093,,Nickel,pin_fin,Water,101.325,0.0,0,15.0,16.0,75.0,1.0,0.978,672.549,57.273
Rahman et al. 2014,1560.0,1.144,,Nickel,pin_fin,Water,101.325,0.0,0,120.0,16.0,85.0,1.0,0.731,325.899,40.905
Rahman et al. 2014,1600.0,1.186,,Nickel,pin_fin,Water,101.325,0.0,0,15.0,32.0,75.0,1.0,0.978,672.549,105.556
Rahman et al. 2014,1590.0,1.287,,Nickel,pin_fin,Water,101.325,0.0,0,120.0,32.0,85.0,1.0,0.731,325.899,72.687
Rahman et al. 2014,1610.0,1.952,,Nickel,pin_fin,Water,101.325,0.0,0,40.0,32.0,25.0,1.0,0.703,94.486,46.076
Rahman et al. 2014,1780.0,2.71,,Nickel,pin_fin,Water,101.325,0.0,0,15.0,16.0,6.0,1.0,0.599,22.433,14.154
Rahman et al. 2014,2170.0,4.419,,Nickel,pin_fin,Water,101.325,0.0,0,15.0,32.0,6.0,1.0,0.599,22.433,17.357
Rahman et al. 2014,2190.0,5.103,,Nickel,pin_fin,Water,101.325,0.0,0,4.0,16.0,3.0,1.0,0.744,11.597,9.325
Nguyen et al. 2018,158.4,1.0,,Silicon (P-type),pin_fin,FC-72,101.325,0.0,0,0.0,0.0,0.0,0.0,0.0,0.0,0.0
Nguyen et al. 2018,176.5,1.57,,Silicon (P-type),pin_fin,FC-72,101.325,0.0,0,0.44,0.264,0.36,1.0,0.762,1.412,0.513
Nguyen et al. 2018,194.9,1.855,,Silicon (P-type),pin_fin,FC-72,101.325,0.0,0,0.44,0.396,0.36,1.0,0.762,1.412,0.651
Nguyen et al. 2018,222.1,2.521,,Silicon (P-type),pin_fin,FC-72,101.325,0.0,0,0.44,0.704,0.36,1.0,0.762,1.412,0.852
Nguyen et al. 2018,236.4,4.041,,Silicon (P-type),pin_fin,FC-72,101.325,0.0,0,0.44,1.408,0.36,1.0,0.762,1.412,1.063
Zhang et al. 2019,182.5,1.0,,Silicon (N-type),pin_fin,FC-72,101.325,0.0,15,0.0,0.0,0.0,0.0,0.0,0.0,0.0
Zhang et al. 2019,262.2,1.0,,Silicon (N-type),pin_fin,FC-72,101.325,0.0,25,0.0,0.0,0.0,0.0,0.0,0.0,0.0
Zhang et al. 2019,288.0,1.0,,Silicon (N-type),pin_fin,FC-72,101.325,0.0,35,0.0,0.0,0.0,0.0,0.0,0.0,0.0
Zhang et al. 2019,407.0,3.297,,Silicon (N-type),pin_fin,FC-72,101.325,0.0,15,38.0,60.0,22.0,1.0,0.636,66.462,46.307
Zhang et al. 2019,508.0,3.297,,Silicon (N-type),pin_fin,FC-72,101.325,0.0,25,38.0,60.0,22.0,1.0,0.636,66.462,46.307
Zhang et al. 2019,593.3,3.297,,Silicon (N-type),pin_fin,FC-72,101.325,0.0,35,38.0,60.0,22.0,1.0,0.636,66.462,46.307
Zhang et al. 2019,360.5,3.309,,Silicon (N-type),pin_fin,FC-72,101.325,0.0,15,30.0,60.0,30.0,1.0,0.711,73.923,51.586
Zhang et al. 2019,474.4,3.309,,Silicon (N-type),pin_fin,FC-72,101.325,0.0,25,30.0,60.0,30.0,1.0,0.711,73.923,51.586
Zhang et al. 2019,546.8,3.309,,Silicon (N-type),pin_fin,FC-72,101.325,0.0,35,30.0,60.0,30.0,1.0,0.711,73.923,51.586
Wei et al. 2003,160.7,1.0,,Silicon (N-type),pin_fin,FC-72,101.325,0.0,0,0.0,0.0,0.0,0.0,0.0,0.0,0.0
Wei et al. 2003,222.3,1.0,,Silicon (N-type),pin_fin,FC-72,101.325,0.0,25,0.0,0.0,0.0,0.0,0.0,0.0,0.0
Wei et al. 2003,310.3,1.0,,Silicon (N-type),pin_fin,FC-72,101.325,0.0,45,0.0,0.0,0.0,0.0,0.0,0.0,0.0
Wei et al. 2003,263.5,3.0,,Silicon (N-type),pin_fin,FC-72,101.325,0.0,0,30.0,60.0,30.0,1.0,0.75,90.0,60.0
Wei et al. 2003,483.0,3.0,,Silicon (N-type),pin_fin,FC-72,101.325,0.0,25,30.0,60.0,30.0,1.0,0.75,90.0,60.0
Wei et al. 2003,674.9,3.0,,Silicon (N-type),pin_fin,FC-72,101.325,0.0,45,30.0,60.0,30.0,1.0,0.75,90.0,60.0
Wei et al. 2003,276.9,5.0,,Silicon (N-type),pin_fin,FC-72,101.325,0.0,0,30.0,120.0,30.0,1.0,0.75,90.0,72.0
Wei et al. 2003,520.2,5.0,,Silicon (N-type),pin_fin,FC-72,101.325,0.0,25,30.0,120.0,30.0,1.0,0.75,90.0,72.0
Wei et al. 2003,719.3,5.0,,Silicon (N-type),pin_fin,FC-72,101.325,0.0,45,30.0,120.0,30.0,1.0,0.75,90.0,72.0
Wei et al. 2003,290.7,7.667,,Silicon (N-type),pin_fin,FC-72,101.325,0.0,0,30.0,200.0,30.0,1.0,0.75,90.0,78.261
Wei et al. 2003,555.2,7.667,,Silicon (N-type),pin_fin,FC-72,101.325,0.0,25,30.0,200.0,30.0,1.0,0.75,90.0,78.261
Wei et al. 2003,808.2,7.667,,Silicon (N-type),pin_fin,FC-72,101.325,0.0,45,30.0,200.0,30.0,1.0,0.75,90.0,78.261
Wei et al. 2003,287.7,2.2,,Silicon (N-type),pin_fin,FC-72,101.325,0.0,0,50.0,60.0,50.0,1.0,0.75,150.0,81.818
Wei et al. 2003,451.0,2.2,,Silicon (N-type),pin_fin,FC-72,101.325,0.0,25,50.0,60.0,50.0,1.0,0.75,150.0,81.818
Wei et al. 2003,546.1,2.2,,Silicon (N-type),pin_fin,FC-72,101.325,0.0,45,50.0,60.0,50.0,1.0,0.75,150.0,81.818
Wei et al. 2003,297.6,5.0,,Silicon (N-type),pin_fin,FC-72,101.325,0.0,0,50.0,200.0,50.0,1.0,0.75,150.0,120.0
Wei et al. 2003,581.4,5.0,,Silicon (N-type),pin_fin,FC-72,101.325,0.0,25,50.0,200.0,50.0,1.0,0.75,150.0,120.0
Wei et al. 2003,772.9,5.0,,Silicon (N-type),pin_fin,FC-72,101.325,0.0,45,50.0,200.0,50.0,1.0,0.75,150.0,120.0
Wei et al. 2003,324.3,6.4,,Silicon (N-type),pin_fin,FC-72,101.325,0.0,0,50.0,270.0,50.0,1.0,0.75,150.0,126.563
Wei et al. 2003,613.4,6.4,,Silicon (N-type),pin_fin,FC-72,101.325,0.0,25,50.0,270.0,50.0,1.0,0.75,150.0,126.563
Wei et al. 2003,835.6,6.4,,Silicon (N-type),pin_fin,FC-72,101.325,0.0,45,50.0,270.0,50.0,1.0,0.75,150.0,126.563
Wei et al. 2005,167.3,1.0,,Silicon (N-type),pin_fin,FC-72,101.325,0.0,3,0.0,0.0,0.0,0.0,0.0,0.0,0.0
Wei et al. 2005,252.0,1.0,,Silicon (N-type),pin_fin,FC-72,101.325,0.0,35,0.0,0.0,0.0,0.0,0.0,0.0,0.0
Wei et al. 2005,275.9,3.0,,Silicon (N-type),pin_fin,FC-72,101.325,0.0,3,30.0,60.0,30.0,1.0,0.75,90.0,60.0
Wei et al. 2005,582.6,3.0,,Silicon (N-type),pin_fin,FC-72,101.325,0.0,35,30.0,60.0,30.0,1.0,0.75,90.0,60.0
Wei et al. 2005,320.2,7.667,,Silicon (N-type),pin_fin,FC-72,101.325,0.0,3,30.0,200.0,30.0,1.0,0.75,90.0,78.261
Wei et al. 2005,686.2,7.667,,Silicon (N-type),pin_fin,FC-72,101.325,0.0,35,30.0,200.0,30.0,1.0,0.75,90.0,78.261
Zhang et al. 2018,181.5,1.0,,Silicon (N-type),pin_fin,FC-72,101.325,0.0,15,0.0,0.0,0.0,0.0,0.0,0.0,0.0
Zhang et al. 2018,232.0,1.0,,Silicon (N-type),pin_fin,FC-72,101.325,0.0,25,0.0,0.0,0.0,0.0,0.0,0.0,0.0
Zhang et al. 2018,288.0,1.0,,Silicon (N-type),pin_fin,FC-72,101.325,0.0,35,0.0,0.0,0.0,0.0,0.0,0.0,0.0
Zhang et al. 2018,365.5,2.478,,Silicon (N-type),pin_fin,FC-72,101.325,0.0,15,30.0,60.0,45.0,1.0,0.815,132.38,78.958
Zhang et al. 2018,465.0,2.478,,Silicon (N-type),pin_fin,FC-72,101.325,0.0,25,30.0,60.0,45.0,1.0,0.815,132.38,78.958
Zhang et al. 2018,565.0,2.478,,Silicon (N-type),pin_fin,FC-72,101.325,0.0,35,30.0,60.0,45.0,1.0,0.815,132.38,78.958
Zhang et al. 2018,360.0,3.309,,Silicon (N-type),pin_fin,FC-72,101.325,0.0,15,30.0,60.0,30.0,1.0,0.711,73.923,51.586
Zhang et al. 2018,476.7,3.309,,Silicon (N-type),pin_fin,FC-72,101.325,0.0,25,30.0,60.0,30.0,1.0,0.711,73.923,51.586
Zhang et al. 2018,546.0,3.309,,Silicon (N-type),pin_fin,FC-72,101.325,0.0,35,30.0,60.0,30.0,1.0,0.711,73.923,51.586
Zhang et al. 2018,330.9,5.106,,Silicon (N-type),pin_fin,FC-72,101.325,0.0,15,30.0,60.0,15.0,1.0,0.487,28.457,22.883
Zhang et al. 2018,429.0,5.106,,Silicon (N-type),pin_fin,FC-72,101.325,0.0,25,30.0,60.0,15.0,1.0,0.487,28.457,22.883
Zhang et al. 2018,539.8,5.106,,Silicon (N-type),pin_fin,FC-72,101.325,0.0,35,30.0,60.0,15.0,1.0,0.487,28.457,22.883
Zhang et al. 2018,390.0,3.956,,Silicon (N-type),pin_fin,FC-72,101.325,0.0,15,30.0,120.0,45.0,1.0,0.815,132.38,98.917
Zhang et al. 2018,504.0,3.956,,Silicon (N-type),pin_fin,FC-72,101.325,0.0,25,30.0,120.0,45.0,1.0,0.815,132.38,98.917
Zhang et al. 2018,607.2,3.956,,Silicon (N-type),pin_fin,FC-72,101.325,0.0,35,30.0,120.0,45.0,1.0,0.815,132.38,98.917
Zhang et al. 2018,390.7,5.619,,Silicon (N-type),pin_fin,FC-72,101.325,0.0,15,30.0,120.0,30.0,1.0,0.711,73.923,60.767
Zhang et al. 2018,498.2,5.619,,Silicon (N-type),pin_fin,FC-72,101.325,0.0,25,30.0,120.0,30.0,1.0,0.711,73.923,60.767
Zhang et al. 2018,597.1,5.619,,Silicon (N-type),pin_fin,FC-72,101.325,0.0,35,30.0,120.0,30.0,1.0,0.711,73.923,60.767
Zhang et al. 2018,378.0,9.211,,Silicon (N-type),pin_fin,FC-72,101.325,0.0,15,30.0,120.0,15.0,1.0,0.487,28.457,25.367
Zhang et al. 2018,460.9,9.211,,Silicon (N-type),pin_fin,FC-72,101.325,0.0,25,30.0,120.0,15.0,1.0,0.487,28.457,25.367
Zhang et al. 2018,516.2,9.211,,Silicon (N-type),pin_fin,FC-72,101.325,0.0,35,30.0,120.0,15.0,1.0,0.487,28.457,25.367
Zhang et al. 2018,459.9,3.0,,Silicon (N-type),pin_fin,FC-72,101.325,0.0,25,30.0,60.0,30.0,1.0,0.75,90.0,60.0
Zhang et al. 2018,381.6,3.0,,Silicon (N-type),pin_fin,FC-72,101.325,0.0,15,30.0,60.0,30.0,0.78,0.75,90.0,60.0
Zhang et al. 2018,480.2,3.0,,Silicon (N-type),pin_fin,FC-72,101.325,0.0,25,30.0,60.0,30.0,0.78,0.75,90.0,60.0
Zhang et al. 2018,571.3,3.0,,Silicon (N-type),pin_fin,FC-72,101.325,0.0,45,30.0,60.0,30.0,0.78,0.75,90.0,60.0
Zhang et al. 2018,302.0,5.0,,Silicon (N-type),pin_fin,FC-72,101.325,0.0,3,30.0,120.0,30.0,1.0,0.75,90.0,72.0
Zhang et al. 2018,306.0,2.2,,Silicon (N-type),pin_fin,FC-72,101.325,0.0,3,50.0,60.0,50.0,1.0,0.75,150.0,81.818
Zhang et al. 2018,630.0,2.2,,Silicon (N-type),pin_fin,FC-72,101.325,0.0,45,50.0,60.0,50.0,1.0,0.75,150.0,81.818
Zhang et al. 2018,245.0,4.0,,Silicon (N-type),pin_fin,FC-72,101.325,0.0,0,20.0,60.0,20.0,1.0,0.75,60.0,45.0
Zhang et al. 2018,430.0,4.0,,Silicon (N-type),pin_fin,FC-72,101.325,0.0,25,20.0,60.0,20.0,1.0,0.75,60.0,45.0
Zhang et al. 2018,615.0,4.0,,Silicon (N-type),pin_fin,FC-72,101.325,0.0,45,20.0,60.0,20.0,1.0,0.75,60.0,45.0
Zhang et al. 2018,322.0,5.0,,Silicon (N-type),pin_fin,FC-72,101.325,0.0,3,50.0,200.0,50.0,1.0,0.75,150.0,120.0
Zhang et al. 2018,362.0,6.4,,Silicon (N-type),pin_fin,FC-72,101.325,0.0,3,50.0,270.0,50.0,1.0,0.75,150.0,126.563
Zhang et al. 2018,263.0,7.0,,Silicon (N-type),pin_fin,FC-72,101.325,0.0,0,10.0,60.0,10.0,1.0,0.75,30.0,25.714
Zhang et al. 2018,286.0,7.0,,Silicon (N-type),pin_fin,FC-72,101.325,0.0,3,10.0,60.0,10.0,1.0,0.75,30.0,25.714
Zhang et al. 2018,450.0,7.0,,Silicon (N-type),pin_fin,FC-72,101.325,0.0,25,10.0,60.0,10.0,1.0,0.75,30.0,25.714
Zhang et al. 2018,640.0,7.0,,Silicon (N-type),pin_fin,FC-72,101.325,0.0,45,10.0,60.0,10.0,1.0,0.75,30.0,25.714
Zhang et al. 2018,308.0,7.667,,Silicon (N-type),pin_fin,FC-72,101.325,0.0,3,30.0,200.0,30.0,1.0,0.75,90.0,78.261
Honda et al. 2002,160.7,1.0,,Silicon (N-type),pin_fin,FC-72,101.325,0.0,0,0.0,0.0,0.0,0.0,0.0,0.0,0.0
Honda et al. 2002,163.8,1.0,,Silicon (N-type),pin_fin,FC-72,101.325,0.0,3,0.0,0.0,0.0,0.0,0.0,0.0,0.0
Honda et al. 2002,221.4,1.0,,Silicon (N-type),pin_fin,FC-72,101.325,0.0,25,0.0,0.0,0.0,0.0,0.0,0.0,0.0
Honda et al. 2002,309.7,1.0,,Silicon (N-type),pin_fin,FC-72,101.325,0.0,45,0.0,0.0,0.0,0.0,0.0,0.0,0.0
Honda et al. 2002,288.8,2.2,,Silicon (N-type),pin_fin,FC-72,101.325,0.0,0,50.0,60.0,50.0,1.0,0.75,150.0,81.818
Honda et al. 2002,306.0,2.2,,Silicon (N-type),pin_fin,FC-72,101.325,0.0,3,50.0,60.0,50.0,1.0,0.75,150.0,81.818
Honda et al. 2002,449.2,2.2,,Silicon (N-type),pin_fin,FC-72,101.325,0.0,25,50.0,60.0,50.0,1.0,0.75,150.0,81.818
Honda et al. 2002,545.6,2.2,,Silicon (N-type),pin_fin,FC-72,101.325,0.0,45,50.0,60.0,50.0,1.0,0.75,150.0,81.818
Rainey et al. 2000,188.0,1.0,,Copper,pin_fin,FC-72,101.325,0.0,0,0.0,0.0,0.0,0.0,0.0,0.0,0.0
Rainey et al. 2000,361.0,2.0,,Copper,pin_fin,FC-72,101.325,0.0,0,1000.0,1000.0,1000.0,1.0,0.75,3000.0,1500.0
Rainey et al. 2000,523.0,3.0,,Copper,pin_fin,FC-72,101.325,0.0,0,1000.0,2000.0,1000.0,1.0,0.75,3000.0,2000.0
Rainey et al. 2000,814.0,5.0,,Copper,pin_fin,FC-72,101.325,0.0,0,1000.0,4000.0,1000.0,1.0,0.75,3000.0,2400.0
Rainey et al. 2000,917.0,9.0,,Copper,pin_fin,FC-72,101.325,0.0,0,1000.0,8000.0,1000.0,1.0,0.75,3000.0,2666.667
Lee et al. 2011,154.8,1.0,,Copper,pin_fin,FC-72,101.325,0.0,0,0.0,0.0,0.0,0.0,0.0,0.0,0.0
Lee et al. 2011,330.0,3.5,,Copper,pin_fin,FC-72,101.325,0.0,0,200.0,500.0,200.0,1.0,0.75,600.0,428.571
Lee et al. 2011,285.0,2.0,,Copper,pin_fin,FC-72,101.325,0.0,0,400.0,400.0,400.0,1.0,0.75,1200.0,600.0
Lee et al. 2011,351.0,5.0,,Copper,pin_fin,FC-72,101.325,0.0,0,200.0,800.0,200.0,1.0,0.75,600.0,480.0
Lee et al. 2011,499.0,5.0,,Copper,pin_fin,FC-72,101.325,0.0,0,400.0,1600.0,400.0,1.0,0.75,1200.0,960.0
Yu et al. 2007,181.0,1.0,,Copper,pin_fin,FC-72,101.325,0.0,0,0.0,0.0,0.0,0.0,0.0,0.0,0.0
Yu et al. 2007,701.0,2.778,,Copper,pin_fin,FC-72,101.325,0.0,0,1000.0,4000.0,2000.0,1.0,0.889,8000.0,5120.0
Yu et al. 2007,445.0,1.889,,Copper,pin_fin,FC-72,101.325,0.0,0,1000.0,2000.0,2000.0,1.0,0.889,8000.0,3764.706
Yu et al. 2007,345.0,1.444,,Copper,pin_fin,FC-72,101.325,0.0,0,1000.0,1000.0,2000.0,1.0,0.889,8000.0,2461.538
Yu et al. 2007,297.0,1.222,,Copper,pin_fin,FC-72,101.325,0.0,0,1000.0,500.0,2000.0,1.0,0.889,8000.0,1454.545
Yu et al. 2007,803.0,5.0,,Copper,pin_fin,FC-72,101.325,0.0,0,1000.0,4000.0,1000.0,1.0,0.75,3000.0,2400.0
Yu et al. 2007,504.0,3.0,,Copper,pin_fin,FC-72,101.325,0.0,0,1000.0,2000.0,1000.0,1.0,0.75,3000.0,2000.0
Yu et al. 2007,378.0,2.0,,Copper,pin_fin,FC-72,101.325,0.0,0,1000.0,1000.0,1000.0,1.0,0.75,3000.0,1500.0
Yu et al. 2007,301.0,1.5,,Copper,pin_fin,FC-72,101.325,0.0,0,1000.0,500.0,1000.0,1.0,0.75,3000.0,1000.0
Yu et al. 2007,983.0,8.111,,Copper,pin_fin,FC-72,101.325,0.0,0,1000.0,4000.0,500.0,1.0,0.556,1250.0,1095.89
Yu et al. 2007,693.0,4.556,,Copper,pin_fin,FC-72,101.325,0.0,0,1000.0,2000.0,500.0,1.0,0.556,1250.0,975.61
Yu et al. 2007,489.0,2.778,,Copper,pin_fin,FC-72,101.325,0.0,0,1000.0,1000.0,500.0,1.0,0.556,1250.0,800.0
Yu et al. 2007,371.0,1.889,,Copper,pin_fin,FC-72,101.325,0.0,0,1000.0,500.0,500.0,1.0,0.556,1250.0,588.235
Kong et al. 2018,182.5,1.0,,Silicon (N-type),pin_fin,FC-72,101.325,0.0,15,0.0,0.0,0.0,0.0,0.0,0.0,0.0
Kong et al. 2018,205.2,1.0,,Silicon (N-type),pin_fin,FC-72,101.325,0.0,25,0.0,0.0,0.0,0.0,0.0,0.0,0.0
Kong et al. 2018,225.1,1.0,,Silicon (N-type),pin_fin,FC-72,101.325,0.0,35,0.0,0.0,0.0,0.0,0.0,0.0,0.0
Kong et al. 2018,310.5,3.0,,Silicon (N-type),pin_fin,FC-72,101.325,0.0,15,30.0,60.0,30.0,1.0,0.75,90.0,60.0
Kong et al. 2018,380.1,3.0,,Silicon (N-type),pin_fin,FC-72,101.325,0.0,25,30.0,60.0,30.0,1.0,0.75,90.0,60.0
Kong et al. 2018,415.6,3.0,,Silicon (N-type),pin_fin,FC-72,101.325,0.0,35,30.0,60.0,30.0,1.0,0.75,90.0,60.0
Kong et al. 2018,386.8,3.0,,Silicon (N-type),pin_fin,FC-72,101.325,0.0,15,30.0,60.0,30.0,0.7,0.75,90.0,60.0
Kong et al. 2018,446.0,3.0,,Silicon (N-type),pin_fin,FC-72,101.325,0.0,25,30.0,60.0,30.0,0.7,0.75,90.0,60.0
Kong et al. 2018,518.5,3.0,,Silicon (N-type),pin_fin,FC-72,101.325,0.0,35,30.0,60.0,30.0,0.7,0.75,90.0,60.0
Kong et al. 2018,381.7,3.0,,Silicon (N-type),pin_fin,FC-72,101.325,0.0,15,30.0,60.0,30.0,0.7,0.75,90.0,60.0
Kong et al. 2018,444.0,3.0,,Silicon (N-type),pin_fin,FC-72,101.325,0.0,25,30.0,60.0,30.0,0.7,0.75,90.0,60.0
Kong et al. 2018,518.5,3.0,,Silicon (N-type),pin_fin,FC-72,101.325,0.0,35,30.0,60.0,30.0,0.7,0.75,90.0,60.0
Kong et al. 2018,354.1,3.0,,Silicon (N-type),pin_fin,FC-72,101.325,0.0,15,30.0,60.0,30.0,0.49,0.75,90.0,60.0
Kong et al. 2018,415.4,3.0,,Silicon (N-type),pin_fin,FC-72,101.325,0.0,25,30.0,60.0,30.0,0.49,0.75,90.0,60.0
Kong et al. 2018,471.5,3.0,,Silicon (N-type),pin_fin,FC-72,101.325,0.0,35,30.0,60.0,30.0,0.49,0.75,90.0,60.0
Kong et al. 2018,393.9,3.0,,Silicon (N-type),pin_fin,FC-72,101.325,0.0,15,30.0,60.0,30.0,0.49,0.75,90.0,60.0
Kong et al. 2018,458.3,3.0,,Silicon (N-type),pin_fin,FC-72,101.325,0.0,25,30.0,60.0,30.0,0.49,0.75,90.0,60.0
Kong et al. 2018,521.6,3.0,,Silicon (N-type),pin_fin,FC-72,101.325,0.0,35,30.0,60.0,30.0,0.49,0.75,90.0,60.0
Cao et al. 2018,208.2,1.0,,Silicon,pin_fin,FC-72,101.325,0.0,15,0.0,0.0,0.0,0.0,0.0,0.0,0.0
Cao et al. 2018,239.8,1.0,,Silicon,pin_fin,FC-72,101.325,0.0,25,0.0,0.0,0.0,0.0,0.0,0.0,0.0
Cao et al. 2018,264.5,1.0,,Silicon,pin_fin,FC-72,101.325,0.0,35,0.0,0.0,0.0,0.0,0.0,0.0,0.0
Cao et al. 2018,382.2,3.0,,Silicon,pin_fin,FC-72,101.325,0.0,15,30.0,60.0,30.0,0.78,0.75,90.0,60.0
Cao et al. 2018,444.0,3.0,,Silicon,pin_fin,FC-72,101.325,0.0,25,30.0,60.0,30.0,0.78,0.75,90.0,60.0
Cao et al. 2018,534.5,3.0,,Silicon,pin_fin,FC-72,101.325,0.0,35,30.0,60.0,30.0,0.78,0.75,90.0,60.0
Cao et al. 2018,380.1,2.478,,Silicon,pin_fin,FC-72,101.325,0.0,15,30.0,60.0,45.0,1.0,0.815,132.38,78.958
Cao et al. 2018,463.0,2.478,,Silicon,pin_fin,FC-72,101.325,0.0,25,30.0,60.0,45.0,1.0,0.815,132.38,78.958
Cao et al. 2018,553.1,2.478,,Silicon,pin_fin,FC-72,101.325,0.0,35,30.0,60.0,45.0,1.0,0.815,132.38,78.958
Guglielmini et al. 2002,558.0,8.5,,Copper,pin_fin,FC-72,101.325,0.0,0,400.0,3000.0,400.0,1.0,0.75,1200.0,1058.824
Guglielmini et al. 2002,570.1,8.5,,Copper,pin_fin,FC-72,101.325,0.0,0,400.0,3000.0,400.0,0.694,0.75,1200.0,1058.824
Guglielmini et al. 2002,517.9,8.5,,Copper,pin_fin,FC-72,101.325,0.0,0,400.0,3000.0,400.0,0.444,0.75,1200.0,1058.824
Guglielmini et al. 2002,650.0,16.0,,Copper,pin_fin,FC-72,101.325,0.0,0,400.0,6000.0,400.0,1.0,0.75,1200.0,1125.0
Guglielmini et al. 2002,597.0,16.0,,Copper,pin_fin,FC-72,101.325,0.0,0,400.0,6000.0,400.0,0.694,0.75,1200.0,1125.0
Guglielmini et al. 2002,655.6,16.0,,Copper,pin_fin,FC-72,101.325,0.0,0,400.0,6000.0,400.0,0.444,0.75,1200.0,1125.0
Guglielmini et al. 2002,489.3,4.0,,Copper,pin_fin,FC-72,101.325,0.0,0,1000.0,3000.0,1000.0,1.0,0.75,3000.0,2250.0
Guglielmini et al. 2002,459.4,4.0,,Copper,pin_fin,FC-72,101.325,0.0,0,1000.0,3000.0,1000.0,0.694,0.75,3000.0,2250.0
Guglielmini et al. 2002,439.0,4.0,,Copper,pin_fin,FC-72,101.325,0.0,0,1000.0,3000.0,1000.0,0.444,0.75,3000.0,2250.0
Guglielmini et al. 2002,711.6,7.0,,Copper,pin_fin,FC-72,101.325,0.0,0,1000.0,6000.0,1000.0,1.0,0.75,3000.0,2571.429
Guglielmini et al. 2002,559.6,7.0,,Copper,pin_fin,FC-72,101.325,0.0,0,1000.0,6000.0,1000.0,0.694,0.75,3000.0,2571.429
Guglielmini et al. 2002,660.7,7.0,,Copper,pin_fin,FC-72,101.325,0.0,0,1000.0,6000.0,1000.0,0.444,0.75,3000.0,2571.429
