Fin Shape,Fin Array,Subcooling(K),Width(um),Height(um),Spacing(um),Coverage,Porosity,"MBL, Lateral (um)","MBL, Total (um)",Roughness Factor,Surface Material,Fluid,CHF(kW/m2),Source
N/A,N/A,0,0,0,0,0,0.000,0.000,0.000,1.000,SiO2,Water,778.2,"Chu et al. 2012
https://doi.org/10.1063/1.4724190"
Circle,Square,0,10,10,15,1,0.874,69.577,23.274,1.503,SiO2,Water,1646.1,
Circle,Square,0,10,20,15,1,0.874,69.577,34.881,2.005,SiO2,Water,1678.5,
Circle,Square,0,5,20,10,1,0.913,52.296,30.472,2.396,SiO2,Water,1764.8,
Circle,Square,0,10,20,10,1,0.804,40.930,25.009,2.571,SiO2,Water,1888.9,
Circle,Square,0,10,20,5,1,0.651,18.648,13.731,3.793,SiO2,Water,2018.3,
Circle,Square,0,5,20,5,1,0.804,20.465,15.524,4.142,SiO2,Water,2077.6,
N/A,N/A,0,0,0,0,0,0.000,0.000,0.000,1.000,SiO2,Water,747.4,"Chu et al. 2011
https://doi.org/10.1115/IMECE2011-65169"
Circle,Square,0,11.2,10.4,13.8,1,0.842,59.851,22.102,1.585,SiO2,Water,1687.3,
Circle,Square,0,11,17,14,1,0.848,61.343,29.722,1.940,SiO2,Water,1956.2,
Circle,Square,0,10.8,16.3,14.2,1,0.853,62.883,29.521,1.885,SiO2,Water,1657.2,
Circle,Square,0,16,17,9,1,0.678,33.736,19.485,2.367,SiO2,Water,1464.8,
N/A,N/A,0,0,0,0,1,0.000,0.000,0.000,1.000,Silicon,Water,714,"Kim et al. 2016
https://doi.org/10.1016/j.ijheatmasstransfer.2016.06.040"
Circle,Square,0,20,20,5,1,0.497,19.789,13.216,3.011,Silicon,Water,1070,
Circle,Square,0,20,20,20,1,0.804,81.859,36.010,1.785,Silicon,Water,1518.2,
N/A,N/A,0,0,0,0,0,0.000,0.000,0.000,1.000,Silicon,Water,803.7,"Rahman et al. 2014
https://doi.org/10.1021/la5030923"
N/A,N/A,0,0,0,0,0,0.000,0.000,0.000,1.000,Nickel,Water,782.8,
Octagon,Square,0,4,8,66,1,0.997,1555.718,31.276,1.021,Nickel,Water,1420,
Octagon,Square,0,15,16,75,1,0.978,672.549,57.273,1.093,Nickel,Water,1480,
Octagon,Square,0,120,16,85,1,0.731,325.899,40.905,1.144,Nickel,Water,1560,
Octagon,Square,0,15,32,75,1,0.978,672.549,105.556,1.186,Nickel,Water,1600,
Octagon,Square,0,120,32,85,1,0.731,325.899,72.687,1.287,Nickel,Water,1590,
Octagon,Square,0,40,32,25,1,0.703,94.486,46.076,1.952,Nickel,Water,1610,
Octagon,Square,0,15,16,6,1,0.599,22.433,14.154,2.710,Nickel,Water,1780,
Octagon,Square,0,15,32,6,1,0.599,22.433,17.357,4.419,Nickel,Water,2170,
Octagon,Square,0,4,16,3,1,0.744,11.597,9.325,5.103,Nickel,Water,2190,
N/A,N/A,0,0,0,0,0,0.000,0.000,0.000,1.000,Silicon (P-type),FC-72,158.4,"Nguyen et al. 2018
https://doi.org/10.1038/s41598-018-22693-z"
Circle,Square,0,0.44,0.264,0.36,1,0.762,1.412,0.513,1.570,Silicon (P-type),FC-72,176.5,
Circle,Square,0,0.44,0.396,0.36,1,0.762,1.412,0.651,1.855,Silicon (P-type),FC-72,194.9,
Circle,Square,0,0.44,0.704,0.36,1,0.762,1.412,0.852,2.521,Silicon (P-type),FC-72,222.1,
Circle,Square,0,0.44,1.408,0.36,1,0.762,1.412,1.063,4.041,Silicon (P-type),FC-72,236.4,
N/A,N/A,15,0,0,0,0,0.000,0.000,0.000,1.000,Silicon (N-type),FC-72,182.5,Zhang et al. 2019 https://doi.org/10.1615/InterfacPhenomHeatTransfer.2019030616
N/A,N/A,25,0,0,0,0,0.000,0.000,0.000,1.000,Silicon (N-type),FC-72,262.2,
N/A,N/A,35,0,0,0,0,0.000,0.000,0.000,1.000,Silicon (N-type),FC-72,288,
Circle,Hexagonal,15,38,60,22,1,0.636,66.462,46.307,3.297,Silicon (N-type),FC-72,407,
Circle,Hexagonal,25,38,60,22,1,0.636,66.462,46.307,3.297,Silicon (N-type),FC-72,508,
Circle,Hexagonal,35,38,60,22,1,0.636,66.462,46.307,3.297,Silicon (N-type),FC-72,593.3,
Square,Hexagonal,15,30,60,30,1,0.711,73.923,51.586,3.309,Silicon (N-type),FC-72,360.5,
Square,Hexagonal,25,30,60,30,1,0.711,73.923,51.586,3.309,Silicon (N-type),FC-72,474.4,
Square,Hexagonal,35,30,60,30,1,0.711,73.923,51.586,3.309,Silicon (N-type),FC-72,546.8,
N/A,N/A,0,0,0,0,0,0.000,0.000,0.000,1.000,Silicon (N-type),FC-72,160.7,"Wei et al. 2003
https://doi.org/10.1016/S0017-9310(03)00226-6"
N/A,N/A,25,0,0,0,0,0.000,0.000,0.000,1.000,Silicon (N-type),FC-72,222.3,
N/A,N/A,45,0,0,0,0,0.000,0.000,0.000,1.000,Silicon (N-type),FC-72,310.3,
Square,Square,0,30,60,30,1,0.750,90.000,60.000,3.000,Silicon (N-type),FC-72,263.5,
Square,Square,25,30,60,30,1,0.750,90.000,60.000,3.000,Silicon (N-type),FC-72,483,
Square,Square,45,30,60,30,1,0.750,90.000,60.000,3.000,Silicon (N-type),FC-72,674.9,
Square,Square,0,30,120,30,1,0.750,90.000,72.000,5.000,Silicon (N-type),FC-72,276.9,
Square,Square,25,30,120,30,1,0.750,90.000,72.000,5.000,Silicon (N-type),FC-72,520.2,
Square,Square,45,30,120,30,1,0.750,90.000,72.000,5.000,Silicon (N-type),FC-72,719.3,
Square,Square,0,30,200,30,1,0.750,90.000,78.261,7.667,Silicon (N-type),FC-72,290.7,
Square,Square,25,30,200,30,1,0.750,90.000,78.261,7.667,Silicon (N-type),FC-72,555.2,
Square,Square,45,30,200,30,1,0.750,90.000,78.261,7.667,Silicon (N-type),FC-72,808.2,
Square,Square,0,50,60,50,1,0.750,150.000,81.818,2.200,Silicon (N-type),FC-72,287.7,
Square,Square,25,50,60,50,1,0.750,150.000,81.818,2.200,Silicon (N-type),FC-72,451,
Square,Square,45,50,60,50,1,0.750,150.000,81.818,2.200,Silicon (N-type),FC-72,546.1,
Square,Square,0,50,200,50,1,0.750,150.000,120.000,5.000,Silicon (N-type),FC-72,297.6,
Square,Square,25,50,200,50,1,0.750,150.000,120.000,5.000,Silicon (N-type),FC-72,581.4,
Square,Square,45,50,200,50,1,0.750,150.000,120.000,5.000,Silicon (N-type),FC-72,772.9,
Square,Square,0,50,270,50,1,0.750,150.000,126.563,6.400,Silicon (N-type),FC-72,324.3,
Square,Square,25,50,270,50,1,0.750,150.000,126.563,6.400,Silicon (N-type),FC-72,613.4,
Square,Square,45,50,270,50,1,0.750,150.000,126.563,6.400,Silicon (N-type),FC-72,835.6,
N/A,N/A,3,0,0,0,0,0.000,0.000,0.000,1.000,Silicon (N-type),FC-72,167.3,"Wei et al. 2005
https://doi.org/10.1007/s00231-005-0633-x"
N/A,N/A,35,0,0,0,0,0.000,0.000,0.000,1.000,Silicon (N-type),FC-72,252,
Square,Square,3,30,60,30,1,0.750,90.000,60.000,3.000,Silicon (N-type),FC-72,275.9,
Square,Square,35,30,60,30,1,0.750,90.000,60.000,3.000,Silicon (N-type),FC-72,582.6,
Square,Square,3,30,200,30,1,0.750,90.000,78.261,7.667,Silicon (N-type),FC-72,320.2,
Square,Square,35,30,200,30,1,0.750,90.000,78.261,7.667,Silicon (N-type),FC-72,686.2,
N/A,N/A,15,0,0,0,0,0.000,0.000,0.000,1.000,Silicon (N-type),FC-72,181.5,"Zhang et al. 2018
https://doi.org/10.1016/j.applthermaleng.2018.04.053"
N/A,N/A,25,0,0,0,0,0.000,0.000,0.000,1.000,Silicon (N-type),FC-72,232,
N/A,N/A,35,0,0,0,0,0.000,0.000,0.000,1.000,Silicon (N-type),FC-72,288,
Square,Hexagonal,15,30,60,45,1,0.815,132.380,78.958,2.478,Silicon (N-type),FC-72,365.5,
Square,Hexagonal,25,30,60,45,1,0.815,132.380,78.958,2.478,Silicon (N-type),FC-72,465,
Square,Hexagonal,35,30,60,45,1,0.815,132.380,78.958,2.478,Silicon (N-type),FC-72,565,
Square,Hexagonal,15,30,60,30,1,0.711,73.923,51.586,3.309,Silicon (N-type),FC-72,360,
Square,Hexagonal,25,30,60,30,1,0.711,73.923,51.586,3.309,Silicon (N-type),FC-72,476.7,
Square,Hexagonal,35,30,60,30,1,0.711,73.923,51.586,3.309,Silicon (N-type),FC-72,546,
Square,Hexagonal,15,30,60,15,1,0.487,28.457,22.883,5.106,Silicon (N-type),FC-72,330.9,
Square,Hexagonal,25,30,60,15,1,0.487,28.457,22.883,5.106,Silicon (N-type),FC-72,429,
Square,Hexagonal,35,30,60,15,1,0.487,28.457,22.883,5.106,Silicon (N-type),FC-72,539.8,
Square,Hexagonal,15,30,120,45,1,0.815,132.380,98.917,3.956,Silicon (N-type),FC-72,390,
Square,Hexagonal,25,30,120,45,1,0.815,132.380,98.917,3.956,Silicon (N-type),FC-72,504,
Square,Hexagonal,35,30,120,45,1,0.815,132.380,98.917,3.956,Silicon (N-type),FC-72,607.2,
Square,Hexagonal,15,30,120,30,1,0.711,73.923,60.767,5.619,Silicon (N-type),FC-72,390.7,
Square,Hexagonal,25,30,120,30,1,0.711,73.923,60.767,5.619,Silicon (N-type),FC-72,498.2,
Square,Hexagonal,35,30,120,30,1,0.711,73.923,60.767,5.619,Silicon (N-type),FC-72,597.1,
Square,Hexagonal,15,30,120,15,1,0.487,28.457,25.367,9.211,Silicon (N-type),FC-72,378,
Square,Hexagonal,25,30,120,15,1,0.487,28.457,25.367,9.211,Silicon (N-type),FC-72,460.9,
Square,Hexagonal,35,30,120,15,1,0.487,28.457,25.367,9.211,Silicon (N-type),FC-72,516.2,
Square,Square,25,30,60,30,1,0.750,90.000,60.000,3.000,Silicon (N-type),FC-72,459.9,
Square,Square,15,30,60,30,0.78,0.750,90.000,60.000,3.000,Silicon (N-type),FC-72,381.6,
Square,Square,25,30,60,30,0.78,0.750,90.000,60.000,3.000,Silicon (N-type),FC-72,480.2,
Square,Square,45,30,60,30,0.78,0.750,90.000,60.000,3.000,Silicon (N-type),FC-72,571.3,
Square,Square,3,30,120,30,1,0.750,90.000,72.000,5.000,Silicon (N-type),FC-72,302,
Square,Square,3,50,60,50,1,0.750,150.000,81.818,2.200,Silicon (N-type),FC-72,306,
Square,Square,45,50,60,50,1,0.750,150.000,81.818,2.200,Silicon (N-type),FC-72,630,
Square,Square,0,20,60,20,1,0.750,60.000,45.000,4.000,Silicon (N-type),FC-72,245,
Square,Square,25,20,60,20,1,0.750,60.000,45.000,4.000,Silicon (N-type),FC-72,430,
Square,Square,45,20,60,20,1,0.750,60.000,45.000,4.000,Silicon (N-type),FC-72,615,
Square,Square,3,50,200,50,1,0.750,150.000,120.000,5.000,Silicon (N-type),FC-72,322,
Square,Square,3,50,270,50,1,0.750,150.000,126.563,6.400,Silicon (N-type),FC-72,362,
Square,Square,0,10,60,10,1,0.750,30.000,25.714,7.000,Silicon (N-type),FC-72,263,
Square,Square,3,10,60,10,1,0.750,30.000,25.714,7.000,Silicon (N-type),FC-72,286,
Square,Square,25,10,60,10,1,0.750,30.000,25.714,7.000,Silicon (N-type),FC-72,450,
Square,Square,45,10,60,10,1,0.750,30.000,25.714,7.000,Silicon (N-type),FC-72,640,
Square,Square,3,30,200,30,1,0.750,90.000,78.261,7.667,Silicon (N-type),FC-72,308,
N/A,N/A,0,0,0,0,0,0.000,0.000,0.000,1.000,Silicon (N-type),FC-72,160.7,"Honda et al. 2002
https://doi.org/10.1115/1.1447937"
N/A,N/A,3,0,0,0,0,0.000,0.000,0.000,1.000,Silicon (N-type),FC-72,163.8,
N/A,N/A,25,0,0,0,0,0.000,0.000,0.000,1.000,Silicon (N-type),FC-72,221.4,
N/A,N/A,45,0,0,0,0,0.000,0.000,0.000,1.000,Silicon (N-type),FC-72,309.7,
Square,Square,0,50,60,50,1,0.750,150.000,81.818,2.200,Silicon (N-type),FC-72,288.8,
Square,Square,3,50,60,50,1,0.750,150.000,81.818,2.200,Silicon (N-type),FC-72,306,
Square,Square,25,50,60,50,1,0.750,150.000,81.818,2.200,Silicon (N-type),FC-72,449.2,
Square,Square,45,50,60,50,1,0.750,150.000,81.818,2.200,Silicon (N-type),FC-72,545.6,
N/A,N/A,0,0,0,0,0,0.000,0.000,0.000,1.000,Copper,FC-72,188,"Rainey et al. 2000
https://doi.org/10.1115/1.1288708"
Square,Square,0,1000,1000,1000,1,0.750,3000.000,1500.000,2.000,Copper,FC-72,361,
Square,Square,0,1000,2000,1000,1,0.750,3000.000,2000.000,3.000,Copper,FC-72,523,
Square,Square,0,1000,4000,1000,1,0.750,3000.000,2400.000,5.000,Copper,FC-72,814,
Square,Square,0,1000,8000,1000,1,0.750,3000.000,2666.667,9.000,Copper,FC-72,917,
N/A,N/A,0,0,0,0,0,0.000,0.000,0.000,1.000,Copper,FC-72,154.8,"Lee et al. 2011
https://doi.org/10.1615/JEnhHeatTransf.v18.i4.50"
Square,Square,0,200,500,200,1,0.750,600.000,428.571,3.500,Copper,FC-72,330,
Square,Square,0,400,400,400,1,0.750,1200.000,600.000,2.000,Copper,FC-72,285,
Square,Square,0,200,800,200,1,0.750,600.000,480.000,5.000,Copper,FC-72,351,
Square,Square,0,400,1600,400,1,0.750,1200.000,960.000,5.000,Copper,FC-72,499,
N/A,N/A,0,0,0,0,0,0.000,0.000,0.000,1.000,Copper,FC-72,181,"Yu et al. 2007
https://doi.org/10.1016/j.ijheatmasstransfer.2007.02.003"
Square,Square,0,1000,4000,2000,1,0.889,8000.000,5120.000,2.778,Copper,FC-72,701,
Square,Square,0,1000,2000,2000,1,0.889,8000.000,3764.706,1.889,Copper,FC-72,445,
Square,Square,0,1000,1000,2000,1,0.889,8000.000,2461.538,1.444,Copper,FC-72,345,
Square,Square,0,1000,500,2000,1,0.889,8000.000,1454.545,1.222,Copper,FC-72,297,
Square,Square,0,1000,4000,1000,1,0.750,3000.000,2400.000,5.000,Copper,FC-72,803,
Square,Square,0,1000,2000,1000,1,0.750,3000.000,2000.000,3.000,Copper,FC-72,504,
Square,Square,0,1000,1000,1000,1,0.750,3000.000,1500.000,2.000,Copper,FC-72,378,
Square,Square,0,1000,500,1000,1,0.750,3000.000,1000.000,1.500,Copper,FC-72,301,
Square,Square,0,1000,4000,500,1,0.556,1250.000,1095.890,8.111,Copper,FC-72,983,
Square,Square,0,1000,2000,500,1,0.556,1250.000,975.610,4.556,Copper,FC-72,693,
Square,Square,0,1000,1000,500,1,0.556,1250.000,800.000,2.778,Copper,FC-72,489,
Square,Square,0,1000,500,500,1,0.556,1250.000,588.235,1.889,Copper,FC-72,371,
N/A,N/A,15,0,0,0,0,0.000,0.000,0.000,1.000,Silicon (N-type),FC-72,182.5,"Kong et al. 2018
https://doi.org/10.1016/j.expthermflusci.2017.09.021"
N/A,N/A,25,0,0,0,0,0.000,0.000,0.000,1.000,Silicon (N-type),FC-72,205.2,
N/A,N/A,35,0,0,0,0,0.000,0.000,0.000,1.000,Silicon (N-type),FC-72,225.1,
Square,Square,15,30,60,30,1,0.750,90.000,60.000,3.000,Silicon (N-type),FC-72,310.5,
Square,Square,25,30,60,30,1,0.750,90.000,60.000,3.000,Silicon (N-type),FC-72,380.1,
Square,Square,35,30,60,30,1,0.750,90.000,60.000,3.000,Silicon (N-type),FC-72,415.6,
Square,Square,15,30,60,30,0.7,0.750,90.000,60.000,3.000,Silicon (N-type),FC-72,386.8,
Square,Square,25,30,60,30,0.7,0.750,90.000,60.000,3.000,Silicon (N-type),FC-72,446,
Square,Square,35,30,60,30,0.7,0.750,90.000,60.000,3.000,Silicon (N-type),FC-72,518.5,
Square,Square,15,30,60,30,0.7,0.750,90.000,60.000,3.000,Silicon (N-type),FC-72,381.7,
Square,Square,25,30,60,30,0.7,0.750,90.000,60.000,3.000,Silicon (N-type),FC-72,444,
Square,Square,35,30,60,30,0.7,0.750,90.000,60.000,3.000,Silicon (N-type),FC-72,518.5,
Square,Square,15,30,60,30,0.49,0.750,90.000,60.000,3.000,Silicon (N-type),FC-72,354.1,
Square,Square,25,30,60,30,0.49,0.750,90.000,60.000,3.000,Silicon (N-type),FC-72,415.4,
Square,Square,35,30,60,30,0.49,0.750,90.000,60.000,3.000,Silicon (N-type),FC-72,471.5,
Square,Square,15,30,60,30,0.49,0.750,90.000,60.000,3.000,Silicon (N-type),FC-72,393.9,
Square,Square,25,30,60,30,0.49,0.750,90.000,60.000,3.000,Silicon (N-type),FC-72,458.3,
Square,Square,35,30,60,30,0.49,0.750,90.000,60.000,3.000,Silicon (N-type),FC-72,521.6,
N/A,N/A,15,0,0,0,0,0.000,0.000,0.000,1.000,Silicon,FC-72,208.2,"Cao et al. 2018
https://doi.org/10.1016/j.ijheatmasstransfer.2018.05.033"
N/A,N/A,25,0,0,0,0,0.000,0.000,0.000,1.000,Silicon,FC-72,239.8,
N/A,N/A,35,0,0,0,0,0.000,0.000,0.000,1.000,Silicon,FC-72,264.5,
Square,Square,15,30,60,30,0.78,0.750,90.000,60.000,3.000,Silicon,FC-72,382.2,
Square,Square,25,30,60,30,0.78,0.750,90.000,60.000,3.000,Silicon,FC-72,444,
Square,Square,35,30,60,30,0.78,0.750,90.000,60.000,3.000,Silicon,FC-72,534.5,
Square,Hexagonal,15,30,60,45,1,0.815,132.380,78.958,2.478,Silicon,FC-72,380.1,
Square,Hexagonal,25,30,60,45,1,0.815,132.380,78.958,2.478,Silicon,FC-72,463,
Square,Hexagonal,35,30,60,45,1,0.815,132.380,78.958,2.478,Silicon,FC-72,553.1,
Square,Square,0,400,3000,400,1.000,0.750,1200.000,1058.824,8.500,Copper,FC-72,558,Guglielmini et al. 2002 https://doi.org/10.1016/S1290-0729(02)01353-4
Square,Square,0,400,3000,400,0.694,0.750,1200.000,1058.824,8.500,Copper,FC-72,570.1,
Square,Square,0,400,3000,400,0.444,0.750,1200.000,1058.824,8.500,Copper,FC-72,517.9,
Square,Square,0,400,6000,400,1.000,0.750,1200.000,1125.000,16.000,Copper,FC-72,650,
Square,Square,0,400,6000,400,0.694,0.750,1200.000,1125.000,16.000,Copper,FC-72,597,
Square,Square,0,400,6000,400,0.444,0.750,1200.000,1125.000,16.000,Copper,FC-72,655.6,
Square,Square,0,1000,3000,1000,1.000,0.750,3000.000,2250.000,4.000,Copper,FC-72,489.3,
Square,Square,0,1000,3000,1000,0.694,0.750,3000.000,2250.000,4.000,Copper,FC-72,459.4,
Square,Square,0,1000,3000,1000,0.444,0.750,3000.000,2250.000,4.000,Copper,FC-72,439,
Square,Square,0,1000,6000,1000,1.000,0.750,3000.000,2571.429,7.000,Copper,FC-72,711.6,
Square,Square,0,1000,6000,1000,0.694,0.750,3000.000,2571.429,7.000,Copper,FC-72,559.6,
Square,Square,0,1000,6000,1000,0.444,0.750,3000.000,2571.429,7.000,Copper,FC-72,660.7,
