Sr_no,Coil_No,L_mm,G_kg_m2s,P_bar,xe,Q_W,CHF_kW_m2,CHF_ratio
1,Coil_1,503.5,568,4.33,0.410,22054,2324,1.260
2,Coil_1,503.5,569,4.38,0.434,22896,2412,1.352
3,Coil_1,503.5,576,4.11,0.374,21000,2213,1.175
4,Coil_1,503.5,589,3.97,0.363,21000,2213,1.172
5,Coil_1,503.5,590,4.25,0.387,22054,2324,1.227
6,Coil_1,503.5,753,4.91,0.356,27104,2856,1.465
7,Coil_1,503.5,760,4.83,0.311,25281,2664,1.324
8,Coil_1,503.5,779,4.83,0.332,26862,2830,1.405
9,Coil_1,503.5,811,4.91,0.276,25281,2664,1.161
10,Coil_1,503.5,855,4.75,0.242,24824,2616,1.005
11,Coil_1,503.5,929,4.45,0.207,24824,2616,0.894
12,Coil_1,722.7,272,2.64,0.809,16783,1232,1.979
13,Coil_1,722.7,338,3.22,0.762,20008,1469,2.082
14,Coil_1,722.7,352,3.04,0.746,20501,1505,2.089
15,Coil_1,722.7,455,3.94,0.675,24752,1817,1.989
16,Coil_1,722.7,555,4.75,0.661,30000,2202,2.387
17,Coil_1,722.7,592,4.70,0.604,30000,2202,1.962
18,Coil_1,722.7,743,5.60,0.528,34668,2545,1.693
19,Coil_1,722.7,744,5.48,0.519,34240,2513,1.626
20,Coil_1,722.7,784,5.42,0.480,34240,2513,1.455
21,Coil_1,722.7,878,5.57,0.389,33696,2474,1.155
22,Coil_1,722.7,881,5.48,0.391,33904,2489,1.191
23,Coil_1,722.7,1081,5.96,0.322,37496,2752,0.963
24,Coil_1,845,228,2.69,0.893,15300,961,2.020
25,Coil_1,845,235,2.62,0.862,15300,961,1.832
26,Coil_1,845,300,3.47,0.862,19686,1236,2.219
27,Coil_1,845,312,3.47,0.824,19686,1236,2.005
28,Coil_1,855,354,3.47,0.766,21141,1312,1.899
29,Coil_1,845,417,4.51,0.772,25249,1585,2.418
30,Coil_1,845,440,4.47,0.718,25249,1585,2.106
31,Coil_1,855,506,4.81,0.735,29646,1839,2.671
32,Coil_1,845,579,5.52,0.631,30550,1918,1.789
33,Coil_1,855,581,4.80,0.640,30738,1907,1.940
34,Coil_1,845,593,6.31,0.743,35400,2223,3.322
35,Coil_1,845,629,6.23,0.670,34825,2186,2.519
36,Coil_1,845,635,6.16,0.661,34825,2186,2.464
37,Coil_1,845,640,6.32,0.668,35400,2223,2.580
38,Coil_1,845,657,6.36,0.644,35400,2223,2.407
39,Coil_1,855,696,5.95,0.615,36200,2246,2.463
40,Coil_1,855,736,6.30,0.638,39395,2444,3.133
41,Coil_1,1100,365,3.96,0.914,25150,1213,3.119
42,Coil_1,1100,365,3.96,0.949,25942,1251,5.504
43,Coil_1,1100,386,4.30,0.906,26476,1277,3.121
44,Coil_1,1100,386,4.30,0.937,27181,1311,4.743
45,Coil_1,1100,433,4.48,0.798,26873,1296,2.185
46,Coil_1,1100,433,4.48,0.903,29600,1428,3.661
47,Coil_1,1100,671,4.91,0.538,31416,1515,1.122
48,Coil_2,562,229,2.13,0.745,13140,1240,1.754
49,Coil_2,562,245,2.08,0.643,12478,1178,2.490
50,Coil_2,562,343,4.44,0.639,18020,1701,1.433
51,Coil_2,562,359,4.44,0.599,18020,1701,1.210
52,Coil_2,562,360,4.31,0.662,19381,1830,1.751
53,Coil_2,562,365,2.71,0.539,16482,1556,1.042
54,Coil_2,562,379,2.78,0.555,17514,1653,1.132
55,Coil_2,562,513,3.45,0.469,21344,2015,1.156
56,Coil_2,562,531,3.53,0.469,22134,2089,1.205
57,Coil_2,562,778,4.33,0.354,27560,2602,1.331
58,Coil_2,562,873,4.03,0.253,25400,2398,0.999
59,Coil_2,562,1165,4.74,0.210,31610,2984,0.895
60,Coil_2,562,1241,4.46,0.164,29960,2828,0.798
61,Coil_2,677,257,2.94,0.722,14559,1141,1.456
62,Coil_2,677,281,2.89,0.644,14559,1141,2.236
63,Coil_2,677,326,3.61,0.681,17784,1394,1.487
64,Coil_2,677,475,4.99,0.589,23718,1859,1.319
65,Coil_2,677,499,4.99,0.548,23718,1859,1.195
66,Coil_2,677,758,5.78,0.388,29174,2286,1.024
67,Coil_2,677,758,5.78,0.422,30669,2403,1.134
68,Coil_2,677,817,5.54,0.304,27232,2134,0.888
69,Coil_2,764,311,2.77,0.773,18530,1287,1.855
70,Coil_2,764,316,2.71,0.685,17150,1191,1.333
71,Coil_2,764,493,3.90,0.647,26010,1806,1.714
72,Coil_2,764,528,3.86,0.568,25308,1757,1.254
73,Coil_2,764,768,4.77,0.444,31625,2196,1.287
74,Coil_2,764,791,4.60,0.395,30150,2094,1.120
75,Coil_2,764,987,5.36,0.373,36848,2559,1.172
76,Coil_2,764,1143,5.08,0.249,34010,2362,0.734
77,Coil_3,446.5,215,1.70,0.446,14535,1295,1.222
78,Coil_3,446.5,399,1.87,0.183,15584,1389,0.913
79,Coil_3,408.5,401,2.41,0.222,18054,1758,1.120
80,Coil_3,446.5,620,2.21,0.108,19740,1759,0.810
81,Coil_3,446.5,787,2.10,0.066,21153,1885,0.731
82,Coil_3,446.5,949,2.08,0.036,22261,1984,0.659
83,Coil_3,647.5,192,2.12,0.673,18040,1109,1.478
84,Coil_3,647.5,203,2.11,0.627,18040,1109,1.244
85,Coil_3,647.5,227,1.90,0.547,18011,1107,1.069
86,Coil_3,647.5,382,2.74,0.363,23375,1436,0.956
87,Coil_3,647.5,387,2.71,0.344,22848,1404,0.930
88,Coil_3,647.5,397,2.31,0.253,19125,1175,0.779
89,Coil_3,647.5,435,3.10,0.365,27000,1659,1.052
90,Coil_3,647.5,594,3.56,0.268,31164,1915,1.104
91,Coil_3,647.5,608,3.23,0.227,28820,1771,0.981
92,Coil_3,647.5,617,3.25,0.210,28171,1731,0.925
93,Coil_3,647.5,626,3.22,0.214,28820,1771,0.957
94,Coil_3,647.5,793,3.76,0.171,33660,2068,0.912
95,Coil_4,632,166,2.31,0.748,17072,1075,1.804
96,Coil_4,632,169,2.29,0.706,16556,1042,1.566
97,Coil_4,632,266,3.13,0.556,22050,1388,1.126
98,Coil_4,632,278,3.22,0.565,23391,1473,1.188
99,Coil_4,632,454,4.20,0.349,28244,1778,1.097
100,Coil_4,632,454,4.20,0.377,29625,1865,1.160
101,Coil_4,632,488,4.01,0.282,26760,1685,0.976
102,Coil_4,782,254,4.00,0.801,27987,1424,2.522
103,Coil_4,782,303,3.99,0.610,27280,1388,1.184
104,Coil_4,782,393,5.02,0.586,34765,1769,1.408
105,Coil_4,782,436,4.93,0.432,31388,1597,1.011
106,Coil_4,1500.5,265,3.60,0.922,32638,865,2.638
107,Coil_4,1500.5,270,3.51,0.833,30600,811,1.563
108,Coil_4,1500.5,272,3.51,0.824,30600,811,1.522
109,Coil_4,1500.5,478,4.36,0.444,34752,922,1.291
110,Coil_4,1500.5,488,4.37,0.431,34752,922,1.790
111,Coil_4,2294.5,293,3.27,0.569,24789,430,2.357
112,Coil_4,2294.5,294,3.27,0.566,24789,430,1.505
113,Coil_4,2294.5,300,3.27,0.551,24789,430,2.026
114,Coil_4,2294.5,505,3.23,0.243,24829,431,0.936
115,Coil_4,2294.5,505,3.24,0.243,24829,431,0.936
116,Coil_4,2294.5,507,3.23,0.241,24829,431,0.932
117,Coil_5,421.5,121,1.41,0.510,13178,1026,1.393
118,Coil_5,421.5,144,1.48,0.435,13951,1086,1.326
119,Coil_5,421.5,198,1.52,0.287,14416,1122,1.129
120,Coil_5,421.5,276,1.48,0.158,14151,1102,0.875
121,Coil_5,421.5,278,1.36,0.161,14151,1102,0.899
122,Coil_5,421.5,321,1.47,0.118,14310,1114,0.717
123,Coil_5,421.5,326,1.22,0.124,14310,1114,0.769
124,Coil_5,421.5,374,1.49,0.100,15615,1216,0.710
125,Coil_5,421.5,378,1.51,0.097,15615,1216,0.701
126,Coil_5,421.5,428,1.50,0.076,16207,1262,0.675
127,Coil_5,421.5,490,1.52,0.064,17641,1373,0.692
128,Coil_5,421.5,529,1.42,0.051,17612,1371,0.671
129,Coil_5,421.5,623,1.49,0.031,18952,1475,0.638
130,Coil_5,421.5,669,1.38,0.028,19542,1521,0.652
131,Coil_5,421.5,830,1.25,0.001,19740,1537,0.578
132,Coil_5,617.5,273,2.33,0.338,23089,1227,1.000
133,Coil_5,617.5,421,2.46,0.167,24167,1284,0.815
134,Coil_5,617.5,428,2.51,0.174,25129,1335,0.849
135,Coil_5,1059,121,1.72,0.862,20264,628,1.672
136,Coil_5,1059,158,2.20,0.806,25217,781,1.732
137,Coil_5,1059,203,2.68,0.748,30775,954,1.702
138,Coil_5,2084,92,1.73,0.949,18407,290,2.526
139,Coil_5,2084,92,1.71,0.955,18170,286,2.456
140,Coil_5,658,128,2.09,0.755,19450,970,1.888
141,Coil_5,658,266,3.17,0.417,26618,1327,1.040
142,Coil_5,658,275,2.69,0.390,25884,1283,1.010
143,Coil_5,658,470,3.95,0.228,33790,1685,0.984
144,Coil_5,1406,140,2.24,0.921,24960,1221,2.102
145,Coil_5,1406,144,2.30,0.924,25845,603,2.271
146,Coil_5,1406,145,2.27,0.882,24960,1224,1.579
147,Coil_5,1406,145,2.26,0.878,24960,1222,1.560
148,Coil_6,678,192,2.50,0.526,23575,1107,1.140
149,Coil_6,585,281,2.80,0.322,24960,1358,1.032
150,Coil_6,678,320,3.34,0.359,30940,1453,1.060
151,Coil_6,765,410,3.12,0.246,31608,1315,0.877
152,Coil_6,1152,189,2.74,0.753,30615,846,1.562
153,Coil_6,1152,290,3.45,0.522,36120,998,1.897
154,Coil_6,1749,188,2.92,0.811,32364,589,2.790
155,Coil_6,1749,311,3.38,0.416,33168,604,1.241
156,Coil_6,1749,442,3.41,0.234,33562,611,0.920
